{"stats":{"minecraft:custom":{"minecraft:mob_kills":54,"minecraft:inspect_hopper":10,"minecraft:interact_with_crafting_table":3,"minecraft:interact_with_campfire":8,"minecraft:leave_game":14,"minecraft:time_since_death":953,"minecraft:climb_one_cm":668,"minecraft:sprint_one_cm":301808,"minecraft:walk_one_cm":166078,"minecraft:drop":97,"minecraft:talked_to_villager":2,"minecraft:play_time":109195,"minecraft:deaths":22,"minecraft:sneak_time":1001,"minecraft:walk_under_water_one_cm":627,"minecraft:jump":2770,"minecraft:walk_on_water_one_cm":3137,"minecraft:total_world_time":109195,"minecraft:time_since_rest":981,"minecraft:damage_taken":9394,"minecraft:damage_dealt":3560,"minecraft:swim_one_cm":8329,"minecraft:fly_one_cm":608101,"minecraft:player_kills":4,"minecraft:open_chest":56,"minecraft:crouch_one_cm":1959,"minecraft:fall_one_cm":82935},"minecraft:dropped":{"minecraft:moss_block":1,"magistuarmory:rustedkettlehat":3,"minecraft:wheat_seeds":5,"minecraft:cobbled_deepslate_stairs":17,"magistuarmory:rustedcrusader_chestplate":2,"minecraft:feather":1,"minecraft:cobblestone":1,"minecraft:lantern":1,"magistuarmory:rustednorman_helmet":2,"minecraft:polished_blackstone_button":2,"weaponmaster:wm_broadsword":1,"minecraft:warped_trapdoor":8,"minecraft:flint":1,"magistuarmory:rustedcrusader_boots":3,"minecraft:dirt":205,"minecraft:warped_slab":4,"minecraft:warped_stairs":3,"minecraft:oak_stairs":8,"magistuarmory:rustedbarbute":3,"magistuarmory:corruptedroundshield":2,"minecraft:bone":148,"magistuarmory:rustedchainmail_leggings":5,"minecraft:oak_trapdoor":1,"minecraft:dark_prismarine_stairs":2,"minecraft:cobbled_deepslate":2,"minecraft:rotten_flesh":1,"magistuarmory:rustedhalfarmor_chestplate":1,"weaponmaster:wm_broadswordlarge":1,"minecraft:deepslate_bricks":1,"minecraft:leather_chestplate":1,"magistuarmory:rustedchainmail_helmet":2,"minecraft:allium":4,"minecraft:spruce_trapdoor":1,"minecraft:leather_boots":2,"minecraft:ladder":4,"magistuarmory:rustedchainmail_chestplate":5,"minecraft:arrow":68,"minecraft:bow":15,"magistuarmory:rustedchainmail_boots":7,"minecraft:stone_brick_stairs":1,"weaponmaster:wm_rapierlarge":4,"mutantmonsters:mutant_skeleton_skull":1,"minecraft:egg":1},"minecraft:crafted":{"minecraft:stone_pickaxe":1,"minecraft:stone_axe":1},"minecraft:killed_by":{"minecraft:player":13,"minecraft:creeper":1,"takesapillage:skirmisher":3,"mutantmonsters:mutant_creeper":1,"minecraft:skeleton":2,"minecraft:zombie":2},"minecraft:picked_up":{"minecraft:allium":8,"minecraft:chicken":6,"minecraft:ladder":7,"minecraft:clay_ball":14,"weaponmaster:wm_rapierlarge":5,"minecraft:oak_stairs":8,"minecraft:stone_brick_wall":6,"minecraft:stone_brick_stairs":1,"minecraft:warped_stairs":3,"minecraft:oak_trapdoor":3,"minecraft:string":2,"travelersbackpack:diamond":1,"mutantmonsters:mutant_skeleton_skull":13,"minecraft:cobbled_deepslate":15,"minecraft:dark_prismarine_stairs":2,"travelersbackpack:lapis":1,"minecraft:beef":14,"minecraft:warped_slab":4,"minecraft:cobblestone_slab":18,"minecraft:chest":2,"minecraft:spruce_trapdoor":1,"minecraft:egg":13,"minecraft:stick":106,"minecraft:sandstone":5,"weaponmaster:weaponkit":2,"minecraft:oak_fence":3,"minecraft:torch":8,"magistuarmory:rustedbarbute":4,"magistuarmory:rustedkettlehat":7,"magistuarmory:rustedcrusader_chestplate":7,"mutantmonsters:hulk_hammer":6,"weaponmaster:wm_broadswordlarge":1,"minecraft:arrow":710,"minecraft:rotten_flesh":16,"minecraft:deepslate_bricks":1,"weaponmaster:wm_broadsword":1,"minecraft:mutton":8,"minecraft:white_wool":4,"minecraft:cobblestone":67,"minecraft:leather_chestplate":4,"minecraft:feather":2,"magistuarmory:rustedhalfarmor_chestplate":10,"magistuarmory:rustedchainmail_boots":22,"minecraft:leather":1,"minecraft:flint":6,"mutantmonsters:mutant_skeleton_chestplate":2,"minecraft:tuff":4,"minecraft:warped_trapdoor":8,"minecraft:golden_boots":2,"minecraft:yellow_bed":1,"minecraft:cobbled_deepslate_stairs":17,"minecraft:dirt":1280,"minecraft:lantern":9,"minecraft:cooked_mutton":4,"minecraft:leather_boots":5,"minecraft:bone":573,"minecraft:stone_bricks":27,"magistuarmory:kastenbrust_boots":3,"minecraft:bow":29,"minecraft:wheat_seeds":11,"minecraft:cooked_chicken":393,"magistuarmory:kastenbrust_leggings":2,"minecraft:stone_pickaxe":8,"travelersbackpack:bee":8,"magistuarmory:kastenbrust_chestplate":1,"minecraft:moss_block":1,"minecraft:oak_planks":12,"minecraft:cooked_porkchop":161,"magistuarmory:rustedchainmail_chestplate":5,"magistuarmory:face_helmet":2,"minecraft:dandelion":1,"minecraft:sand":35,"magistuarmory:rustednorman_helmet":9,"mutantmonsters:mutant_skeleton_leggings":3,"magistuarmory:rustedchainmail_leggings":14,"minecraft:dark_prismarine_slab":2,"magistuarmory:rustedchainmail_helmet":2,"minecraft:stone_axe":5,"magistuarmory:rusted_bastardsword":4,"minecraft:polished_blackstone_button":5,"magistuarmory:rustedcrusader_boots":7,"magistuarmory:corruptedroundshield":10,"mutantmonsters:mutant_skeleton_boots":2,"minecraft:baked_potato":14},"minecraft:used":{"minecraft:oak_fence":3,"magistuarmory:rustedchainmail_boots":2,"magistuarmory:rustedcrusader_chestplate":2,"travelersbackpack:lapis":2,"minecraft:chest":1,"minecraft:cooked_chicken":6,"minecraft:dirt":27,"magistuarmory:rustedhalfarmor_chestplate":1,"weaponmaster:wm_broadsword":20,"mutantmonsters:hulk_hammer":65,"magistuarmory:rustedkettlehat":1,"magistuarmory:rusted_bastardsword":14,"magistuarmory:rustedcrusader_boots":1,"magistuarmory:rustedchainmail_leggings":2,"minecraft:stone_pickaxe":10,"weaponmaster:wm_rapierlarge":1,"minecraft:baked_potato":12,"mutantmonsters:mutant_skeleton_chestplate":1,"magistuarmory:kastenbrust_boots":2,"minecraft:sand":35,"mutantmonsters:mutant_skeleton_skull":3,"minecraft:bread":1,"minecraft:stone_axe":5,"minecraft:cobblestone":1,"minecraft:cooked_porkchop":27,"minecraft:yellow_bed":1},"minecraft:mined":{"minecraft:grass_block":21,"minecraft:dirt_path":1,"minecraft:dandelion":1,"minecraft:oak_fence":3,"minecraft:cobblestone":4,"minecraft:tall_grass":8,"mutantmonsters:mutant_skeleton_skull":1,"minecraft:grass":47,"minecraft:sand":3,"minecraft:dirt":13,"minecraft:oak_leaves":2},"minecraft:broken":{"magistuarmory:rustedcrusader_boots":1,"magistuarmory:rustedchainmail_boots":1,"magistuarmory:rustedgreathelm":1,"magistuarmory:rustedchainmail_leggings":3},"minecraft:killed":{"guardvillagers:guard":1,"minecraft:skeleton":29,"minecraft:chicken":3,"minecraft:zombie_villager":2,"takesapillage:skirmisher":1,"minecraft:creeper":1,"minecraft:sheep":2,"minecraft:zombie":11,"minecraft:cow":4}},"DataVersion":3463}