{"stats":{"minecraft:custom":{"minecraft:time_since_rest":6254,"minecraft:sprint_one_cm":106037,"minecraft:damage_taken":2141,"minecraft:walk_one_cm":49806,"minecraft:mob_kills":11,"minecraft:drop":3,"minecraft:damage_dealt":51,"minecraft:swim_one_cm":8329,"minecraft:talked_to_villager":1,"minecraft:fly_one_cm":267020,"minecraft:open_chest":5,"minecraft:crouch_one_cm":1577,"minecraft:play_time":36233,"minecraft:deaths":4,"minecraft:sneak_time":604,"minecraft:walk_under_water_one_cm":627,"minecraft:jump":1139,"minecraft:leave_game":7,"minecraft:walk_on_water_one_cm":1724,"minecraft:time_since_death":6216,"minecraft:total_world_time":36233,"minecraft:fall_one_cm":50044},"minecraft:dropped":{"weaponmaster:wm_broadswordlarge":1,"weaponmaster:wm_broadsword":1,"weaponmaster:wm_rapierlarge":1},"minecraft:killed_by":{"minecraft:player":2,"minecraft:creeper":1,"mutantmonsters:mutant_creeper":1},"minecraft:picked_up":{"minecraft:sandstone":5,"minecraft:feather":2,"minecraft:chicken":6,"minecraft:cooked_porkchop":20,"magistuarmory:face_helmet":2,"weaponmaster:weaponkit":2,"weaponmaster:wm_rapierlarge":2,"minecraft:oak_stairs":8,"minecraft:sand":35,"mutantmonsters:mutant_skeleton_chestplate":2,"mutantmonsters:mutant_skeleton_leggings":2,"minecraft:string":2,"minecraft:dirt":23,"mutantmonsters:mutant_skeleton_skull":2,"weaponmaster:wm_broadswordlarge":1,"minecraft:bone":2,"minecraft:rotten_flesh":2,"magistuarmory:kastenbrust_boots":2,"minecraft:wheat_seeds":3,"weaponmaster:wm_broadsword":1,"magistuarmory:kastenbrust_leggings":2,"minecraft:beef":12,"mutantmonsters:mutant_skeleton_boots":2,"magistuarmory:kastenbrust_chestplate":1,"minecraft:baked_potato":14,"minecraft:chest":2,"minecraft:mutton":8,"minecraft:white_wool":4,"minecraft:egg":8},"minecraft:used":{"minecraft:bread":1,"weaponmaster:wm_rapierlarge":1,"minecraft:baked_potato":12,"minecraft:chest":1,"weaponmaster:wm_broadsword":6,"mutantmonsters:mutant_skeleton_chestplate":1,"minecraft:dirt":8,"minecraft:sand":35,"minecraft:cooked_porkchop":3,"mutantmonsters:mutant_skeleton_skull":1},"minecraft:mined":{"minecraft:grass":22,"minecraft:grass_block":6,"minecraft:sand":3,"minecraft:dirt":2,"minecraft:tall_grass":4},"minecraft:killed":{"minecraft:sheep":2,"minecraft:skeleton":1,"guardvillagers:guard":1,"minecraft:zombie":1,"minecraft:chicken":3,"minecraft:cow":3}},"DataVersion":3463}