{"stats":{"minecraft:custom":{"minecraft:time_since_rest":784,"minecraft:sprint_one_cm":152321,"minecraft:damage_taken":3480,"minecraft:walk_one_cm":74214,"minecraft:mob_kills":11,"minecraft:drop":8,"minecraft:damage_dealt":296,"minecraft:swim_one_cm":8329,"minecraft:talked_to_villager":2,"minecraft:fly_one_cm":372604,"minecraft:player_kills":4,"minecraft:open_chest":19,"minecraft:crouch_one_cm":1594,"minecraft:play_time":52409,"minecraft:interact_with_campfire":8,"minecraft:deaths":7,"minecraft:sneak_time":621,"minecraft:walk_under_water_one_cm":627,"minecraft:jump":1588,"minecraft:leave_game":8,"minecraft:time_since_death":755,"minecraft:walk_on_water_one_cm":1724,"minecraft:total_world_time":52409,"minecraft:fall_one_cm":62650},"minecraft:dropped":{"minecraft:wheat_seeds":4,"minecraft:rotten_flesh":1,"minecraft:feather":1,"minecraft:oak_stairs":8,"weaponmaster:wm_broadswordlarge":1,"weaponmaster:wm_rapierlarge":1,"weaponmaster:wm_broadsword":1},"minecraft:killed_by":{"minecraft:player":4,"mutantmonsters:mutant_creeper":1,"minecraft:creeper":1,"minecraft:zombie":1},"minecraft:picked_up":{"minecraft:sandstone":5,"minecraft:feather":2,"minecraft:chicken":6,"minecraft:cooked_porkchop":20,"magistuarmory:face_helmet":2,"weaponmaster:weaponkit":2,"weaponmaster:wm_rapierlarge":2,"minecraft:dandelion":1,"minecraft:oak_stairs":8,"minecraft:sand":35,"mutantmonsters:mutant_skeleton_chestplate":2,"mutantmonsters:mutant_skeleton_leggings":3,"minecraft:dirt":23,"minecraft:string":2,"mutantmonsters:mutant_skeleton_skull":2,"travelersbackpack:diamond":1,"weaponmaster:wm_broadswordlarge":1,"minecraft:cooked_mutton":4,"minecraft:bone":2,"minecraft:rotten_flesh":3,"magistuarmory:kastenbrust_boots":3,"minecraft:wheat_seeds":10,"weaponmaster:wm_broadsword":1,"travelersbackpack:lapis":1,"magistuarmory:kastenbrust_leggings":2,"minecraft:beef":12,"minecraft:cooked_chicken":67,"mutantmonsters:mutant_skeleton_boots":2,"magistuarmory:kastenbrust_chestplate":1,"minecraft:baked_potato":14,"minecraft:chest":2,"minecraft:mutton":8,"minecraft:white_wool":4,"minecraft:egg":8},"minecraft:used":{"minecraft:bread":1,"weaponmaster:wm_rapierlarge":1,"travelersbackpack:lapis":2,"minecraft:baked_potato":12,"minecraft:chest":1,"weaponmaster:wm_broadsword":13,"mutantmonsters:mutant_skeleton_chestplate":1,"magistuarmory:kastenbrust_boots":2,"minecraft:sand":35,"minecraft:dirt":8,"mutantmonsters:hulk_hammer":11,"minecraft:cooked_porkchop":10,"mutantmonsters:mutant_skeleton_skull":1},"minecraft:mined":{"minecraft:dandelion":1,"minecraft:grass":36,"minecraft:grass_block":6,"minecraft:sand":3,"minecraft:dirt":2,"minecraft:tall_grass":6},"minecraft:killed":{"minecraft:sheep":2,"minecraft:skeleton":1,"guardvillagers:guard":1,"minecraft:zombie":1,"minecraft:chicken":3,"minecraft:cow":3}},"DataVersion":3463}