{"stats":{"minecraft:custom":{"minecraft:mob_kills":45,"minecraft:inspect_hopper":4,"minecraft:interact_with_campfire":8,"minecraft:leave_game":9,"minecraft:time_since_death":13501,"minecraft:climb_one_cm":208,"minecraft:time_since_rest":13528,"minecraft:sprint_one_cm":257259,"minecraft:damage_taken":6481,"minecraft:walk_one_cm":129892,"minecraft:drop":10,"minecraft:damage_dealt":3077,"minecraft:swim_one_cm":8329,"minecraft:talked_to_villager":2,"minecraft:fly_one_cm":525486,"minecraft:player_kills":4,"minecraft:open_chest":45,"minecraft:crouch_one_cm":1861,"minecraft:play_time":76259,"minecraft:deaths":13,"minecraft:sneak_time":946,"minecraft:walk_under_water_one_cm":627,"minecraft:jump":2305,"minecraft:walk_on_water_one_cm":1724,"minecraft:total_world_time":76259,"minecraft:fall_one_cm":76108},"minecraft:dropped":{"minecraft:wheat_seeds":4,"minecraft:feather":1,"minecraft:rotten_flesh":1,"weaponmaster:wm_broadswordlarge":1,"weaponmaster:wm_broadsword":1,"minecraft:allium":4,"minecraft:oak_stairs":8,"weaponmaster:wm_rapierlarge":1},"minecraft:killed_by":{"minecraft:player":4,"minecraft:skeleton":2,"minecraft:creeper":1,"minecraft:zombie":2,"takesapillage:skirmisher":3,"mutantmonsters:mutant_creeper":1},"minecraft:picked_up":{"magistuarmory:rustedhalfarmor_chestplate":1,"minecraft:allium":8,"minecraft:feather":2,"magistuarmory:rustedchainmail_boots":4,"minecraft:chicken":6,"minecraft:clay_ball":12,"minecraft:leather":1,"weaponmaster:wm_rapierlarge":2,"minecraft:oak_stairs":8,"mutantmonsters:mutant_skeleton_chestplate":2,"minecraft:string":2,"minecraft:dirt":39,"mutantmonsters:mutant_skeleton_skull":6,"travelersbackpack:diamond":1,"minecraft:cooked_mutton":4,"minecraft:bone":77,"magistuarmory:kastenbrust_boots":3,"minecraft:bow":6,"minecraft:wheat_seeds":10,"travelersbackpack:lapis":1,"magistuarmory:kastenbrust_leggings":2,"minecraft:beef":14,"minecraft:cooked_chicken":67,"magistuarmory:kastenbrust_chestplate":1,"minecraft:chest":2,"minecraft:egg":9,"minecraft:sandstone":5,"minecraft:cooked_porkchop":139,"magistuarmory:rustedchainmail_chestplate":2,"magistuarmory:face_helmet":2,"minecraft:oak_fence":3,"weaponmaster:weaponkit":2,"minecraft:dandelion":1,"minecraft:sand":35,"mutantmonsters:mutant_skeleton_leggings":3,"magistuarmory:rustedchainmail_leggings":5,"magistuarmory:rustedcrusader_chestplate":2,"mutantmonsters:hulk_hammer":3,"weaponmaster:wm_broadswordlarge":1,"magistuarmory:rustedchainmail_helmet":1,"minecraft:arrow":69,"minecraft:rotten_flesh":16,"magistuarmory:rusted_bastardsword":1,"weaponmaster:wm_broadsword":1,"magistuarmory:rustedcrusader_boots":1,"magistuarmory:corruptedroundshield":1,"mutantmonsters:mutant_skeleton_boots":2,"minecraft:baked_potato":14,"minecraft:mutton":8,"minecraft:white_wool":4,"minecraft:cobblestone":1},"minecraft:used":{"minecraft:oak_fence":3,"magistuarmory:rustedchainmail_boots":2,"magistuarmory:rustedcrusader_chestplate":2,"weaponmaster:wm_rapierlarge":1,"minecraft:baked_potato":12,"travelersbackpack:lapis":2,"minecraft:chest":1,"mutantmonsters:mutant_skeleton_chestplate":1,"magistuarmory:kastenbrust_boots":2,"minecraft:dirt":11,"minecraft:sand":35,"magistuarmory:rustedhalfarmor_chestplate":1,"mutantmonsters:mutant_skeleton_skull":3,"minecraft:bread":1,"weaponmaster:wm_broadsword":16,"minecraft:cobblestone":1,"mutantmonsters:hulk_hammer":64,"minecraft:cooked_porkchop":25,"magistuarmory:rustedchainmail_leggings":2},"minecraft:mined":{"minecraft:dandelion":1,"minecraft:oak_fence":3,"minecraft:grass_block":21,"minecraft:tall_grass":8,"mutantmonsters:mutant_skeleton_skull":1,"minecraft:grass":40,"minecraft:dirt_path":1,"minecraft:dirt":2,"minecraft:sand":3,"minecraft:oak_leaves":2},"minecraft:broken":{"magistuarmory:rustedchainmail_boots":1},"minecraft:killed":{"guardvillagers:guard":1,"minecraft:zombie_villager":2,"takesapillage:skirmisher":1,"minecraft:creeper":1,"minecraft:sheep":2,"minecraft:skeleton":20,"minecraft:zombie":11,"minecraft:chicken":3,"minecraft:cow":4}},"DataVersion":3463}