{"stats":{"minecraft:picked_up":{"minecraft:sand":32,"minecraft:sandstone":5,"minecraft:string":2},"minecraft:killed_by":{"mutantmonsters:mutant_creeper":1},"minecraft:used":{"minecraft:sand":2},"minecraft:custom":{"minecraft:jump":69,"minecraft:time_since_rest":310,"minecraft:deaths":1,"minecraft:walk_on_water_one_cm":530,"minecraft:sprint_one_cm":8465,"minecraft:leave_game":1,"minecraft:play_time":3150,"minecraft:damage_taken":660,"minecraft:time_since_death":279,"minecraft:walk_one_cm":6035,"minecraft:total_world_time":3150,"minecraft:walk_under_water_one_cm":34,"minecraft:swim_one_cm":407,"minecraft:fall_one_cm":3265,"minecraft:fly_one_cm":18900}},"DataVersion":3463}