{"stats":{"minecraft:mined":{"minecraft:grass":6},"minecraft:used":{"minecraft:sand":32},"minecraft:custom":{"minecraft:time_since_rest":1302,"minecraft:open_chest":1,"minecraft:crouch_one_cm":54,"minecraft:play_time":9828,"minecraft:sprint_one_cm":18772,"minecraft:walk_one_cm":8238,"minecraft:damage_taken":1130,"minecraft:deaths":3,"minecraft:sneak_time":16,"minecraft:walk_under_water_one_cm":259,"minecraft:jump":281,"minecraft:damage_dealt":34,"minecraft:leave_game":5,"minecraft:walk_on_water_one_cm":632,"minecraft:time_since_death":309,"minecraft:total_world_time":9828,"minecraft:swim_one_cm":407,"minecraft:fall_one_cm":10445,"minecraft:fly_one_cm":71973},"minecraft:picked_up":{"minecraft:sandstone":5,"minecraft:sand":32,"minecraft:string":2},"minecraft:killed_by":{"mutantmonsters:mutant_creeper":1,"minecraft:player":2}},"DataVersion":3463}