{"stats":{"minecraft:custom":{"minecraft:mob_kills":49,"minecraft:inspect_hopper":4,"minecraft:interact_with_campfire":8,"minecraft:leave_game":9,"minecraft:time_since_death":10913,"minecraft:climb_one_cm":356,"minecraft:time_since_rest":10941,"minecraft:sprint_one_cm":276974,"minecraft:damage_taken":6813,"minecraft:walk_one_cm":139095,"minecraft:drop":67,"minecraft:damage_dealt":3146,"minecraft:swim_one_cm":8329,"minecraft:talked_to_villager":2,"minecraft:fly_one_cm":588622,"minecraft:player_kills":4,"minecraft:open_chest":46,"minecraft:crouch_one_cm":1959,"minecraft:play_time":88259,"minecraft:deaths":14,"minecraft:sneak_time":978,"minecraft:walk_under_water_one_cm":627,"minecraft:jump":2563,"minecraft:walk_on_water_one_cm":2733,"minecraft:total_world_time":88259,"minecraft:fall_one_cm":79616},"minecraft:dropped":{"minecraft:moss_block":1,"magistuarmory:rustedkettlehat":1,"minecraft:wheat_seeds":5,"minecraft:dark_prismarine_stairs":2,"minecraft:cobbled_deepslate_stairs":17,"minecraft:cobbled_deepslate":2,"magistuarmory:rustedhalfarmor_chestplate":1,"minecraft:feather":1,"minecraft:rotten_flesh":1,"magistuarmory:rustednorman_helmet":2,"weaponmaster:wm_broadswordlarge":1,"weaponmaster:wm_broadsword":1,"minecraft:warped_trapdoor":8,"minecraft:deepslate_bricks":1,"magistuarmory:rustedcrusader_boots":2,"minecraft:dirt":23,"minecraft:warped_slab":4,"magistuarmory:rustedchainmail_helmet":2,"minecraft:allium":4,"minecraft:warped_stairs":3,"minecraft:spruce_trapdoor":1,"minecraft:ladder":4,"magistuarmory:rustedchainmail_chestplate":5,"minecraft:oak_stairs":8,"minecraft:arrow":4,"minecraft:bow":11,"magistuarmory:corruptedroundshield":2,"magistuarmory:rustedchainmail_boots":5,"minecraft:stone_brick_stairs":1,"weaponmaster:wm_rapierlarge":3,"minecraft:egg":1,"minecraft:bone":148,"magistuarmory:rustedchainmail_leggings":4},"minecraft:killed_by":{"minecraft:player":5,"minecraft:skeleton":2,"minecraft:creeper":1,"minecraft:zombie":2,"takesapillage:skirmisher":3,"mutantmonsters:mutant_creeper":1},"minecraft:picked_up":{"magistuarmory:rustedhalfarmor_chestplate":3,"minecraft:allium":8,"minecraft:feather":2,"magistuarmory:rustedchainmail_boots":7,"minecraft:chicken":6,"minecraft:ladder":7,"minecraft:clay_ball":12,"minecraft:leather":1,"weaponmaster:wm_rapierlarge":3,"minecraft:oak_stairs":8,"minecraft:tuff":1,"mutantmonsters:mutant_skeleton_chestplate":2,"minecraft:stone_brick_stairs":1,"minecraft:warped_trapdoor":8,"minecraft:warped_stairs":3,"minecraft:cobbled_deepslate_stairs":17,"minecraft:string":2,"minecraft:dirt":174,"minecraft:lantern":1,"mutantmonsters:mutant_skeleton_skull":7,"travelersbackpack:diamond":1,"minecraft:cooked_mutton":4,"minecraft:bone":158,"magistuarmory:kastenbrust_boots":3,"minecraft:bow":12,"minecraft:wheat_seeds":11,"minecraft:cobbled_deepslate":5,"minecraft:stone_pickaxe":1,"minecraft:dark_prismarine_stairs":2,"travelersbackpack:lapis":1,"magistuarmory:kastenbrust_leggings":2,"minecraft:beef":14,"minecraft:cooked_chicken":67,"travelersbackpack:bee":1,"minecraft:warped_slab":4,"magistuarmory:kastenbrust_chestplate":1,"minecraft:moss_block":1,"minecraft:chest":2,"minecraft:spruce_trapdoor":1,"minecraft:egg":11,"minecraft:sandstone":5,"minecraft:cooked_porkchop":151,"magistuarmory:rustedchainmail_chestplate":5,"magistuarmory:face_helmet":2,"minecraft:oak_fence":3,"weaponmaster:weaponkit":2,"minecraft:torch":2,"minecraft:dandelion":1,"minecraft:sand":35,"magistuarmory:rustednorman_helmet":2,"magistuarmory:rustedkettlehat":1,"mutantmonsters:mutant_skeleton_leggings":3,"magistuarmory:rustedchainmail_leggings":8,"magistuarmory:rustedcrusader_chestplate":2,"mutantmonsters:hulk_hammer":4,"weaponmaster:wm_broadswordlarge":1,"magistuarmory:rustedchainmail_helmet":2,"minecraft:arrow":136,"minecraft:rotten_flesh":16,"minecraft:deepslate_bricks":1,"magistuarmory:rusted_bastardsword":2,"weaponmaster:wm_broadsword":1,"magistuarmory:rustedcrusader_boots":3,"magistuarmory:corruptedroundshield":3,"mutantmonsters:mutant_skeleton_boots":2,"minecraft:baked_potato":14,"minecraft:mutton":8,"minecraft:white_wool":4,"minecraft:cobblestone":11},"minecraft:used":{"minecraft:oak_fence":3,"magistuarmory:rustedchainmail_boots":2,"magistuarmory:rustedcrusader_chestplate":2,"weaponmaster:wm_rapierlarge":1,"minecraft:baked_potato":12,"travelersbackpack:lapis":2,"minecraft:chest":1,"mutantmonsters:mutant_skeleton_chestplate":1,"magistuarmory:kastenbrust_boots":2,"minecraft:dirt":19,"minecraft:sand":35,"magistuarmory:rustedhalfarmor_chestplate":1,"mutantmonsters:mutant_skeleton_skull":3,"minecraft:bread":1,"weaponmaster:wm_broadsword":18,"magistuarmory:rustedkettlehat":1,"minecraft:cobblestone":1,"magistuarmory:rusted_bastardsword":3,"mutantmonsters:hulk_hammer":64,"minecraft:cooked_porkchop":27,"magistuarmory:rustedchainmail_leggings":2},"minecraft:mined":{"minecraft:dandelion":1,"minecraft:oak_fence":3,"minecraft:grass_block":21,"minecraft:tall_grass":8,"mutantmonsters:mutant_skeleton_skull":1,"minecraft:grass":47,"minecraft:dirt_path":1,"minecraft:dirt":5,"minecraft:sand":3,"minecraft:oak_leaves":2},"minecraft:broken":{"magistuarmory:rustedchainmail_boots":1,"magistuarmory:rustedchainmail_leggings":1},"minecraft:killed":{"guardvillagers:guard":1,"minecraft:zombie_villager":2,"takesapillage:skirmisher":1,"minecraft:creeper":1,"minecraft:sheep":2,"minecraft:skeleton":24,"minecraft:zombie":11,"minecraft:chicken":3,"minecraft:cow":4}},"DataVersion":3463}