{"stats":{"minecraft:mined":{"minecraft:grass":11,"minecraft:grass_block":2,"minecraft:sand":3,"minecraft:tall_grass":2},"minecraft:dropped":{"weaponmaster:wm_broadswordlarge":1,"weaponmaster:wm_broadsword":1,"weaponmaster:wm_rapierlarge":1},"minecraft:used":{"minecraft:sand":35,"minecraft:dirt":2,"minecraft:baked_potato":3},"minecraft:custom":{"minecraft:open_chest":2,"minecraft:time_since_rest":11818,"minecraft:sprint_one_cm":43075,"minecraft:crouch_one_cm":54,"minecraft:play_time":20344,"minecraft:damage_taken":1289,"minecraft:walk_one_cm":32633,"minecraft:deaths":3,"minecraft:sneak_time":27,"minecraft:walk_under_water_one_cm":259,"minecraft:drop":3,"minecraft:jump":544,"minecraft:damage_dealt":42,"minecraft:leave_game":7,"minecraft:time_since_death":10825,"minecraft:walk_on_water_one_cm":632,"minecraft:total_world_time":20344,"minecraft:swim_one_cm":407,"minecraft:fly_one_cm":133523,"minecraft:fall_one_cm":17369},"minecraft:picked_up":{"mutantmonsters:mutant_skeleton_skull":1,"weaponmaster:wm_broadswordlarge":1,"minecraft:sandstone":5,"weaponmaster:weaponkit":2,"weaponmaster:wm_rapierlarge":1,"weaponmaster:wm_broadsword":1,"minecraft:sand":35,"mutantmonsters:mutant_skeleton_boots":1,"mutantmonsters:mutant_skeleton_chestplate":1,"minecraft:baked_potato":13,"mutantmonsters:mutant_skeleton_leggings":1,"minecraft:chest":1,"minecraft:dirt":2,"minecraft:string":2,"minecraft:egg":2},"minecraft:killed_by":{"mutantmonsters:mutant_creeper":1,"minecraft:player":2}},"DataVersion":3463}