{"stats":{"minecraft:mined":{"minecraft:grass":2},"minecraft:used":{"minecraft:sand":32},"minecraft:custom":{"minecraft:time_since_rest":2029,"minecraft:open_chest":1,"minecraft:crouch_one_cm":54,"minecraft:play_time":4869,"minecraft:sprint_one_cm":12506,"minecraft:deaths":1,"minecraft:damage_taken":680,"minecraft:walk_one_cm":6896,"minecraft:sneak_time":16,"minecraft:walk_under_water_one_cm":259,"minecraft:jump":164,"minecraft:damage_dealt":26,"minecraft:leave_game":1,"minecraft:walk_on_water_one_cm":632,"minecraft:time_since_death":1998,"minecraft:total_world_time":4869,"minecraft:swim_one_cm":407,"minecraft:fall_one_cm":5875,"minecraft:fly_one_cm":35514},"minecraft:picked_up":{"minecraft:sandstone":5,"minecraft:sand":32,"minecraft:string":2},"minecraft:killed_by":{"mutantmonsters:mutant_creeper":1}},"DataVersion":3463}