{"stats":{"minecraft:custom":{"minecraft:time_since_rest":3161,"minecraft:sprint_one_cm":55894,"minecraft:damage_taken":1783,"minecraft:walk_one_cm":96909,"minecraft:mob_kills":1,"minecraft:drop":1,"minecraft:damage_dealt":237,"minecraft:fly_one_cm":57372,"minecraft:open_chest":8,"minecraft:crouch_one_cm":77,"minecraft:play_time":41864,"minecraft:deaths":5,"minecraft:sneak_time":231,"minecraft:jump":341,"minecraft:time_since_death":3128,"minecraft:total_world_time":41864,"minecraft:fall_one_cm":8768},"minecraft:dropped":{"travelersbackpack:diamond":1},"minecraft:killed_by":{"minecraft:player":3,"weaponmaster:ability_skeleton_grenade_skeletons":1,"takesapillage:clay_golem":1},"minecraft:picked_up":{"minecraft:cooked_beef":1,"minecraft:feather":1,"minecraft:cooked_porkchop":62,"minecraft:leather":8,"weaponmaster:weaponkit":2,"minecraft:carrot":4,"magistuarmory:rustedchainmail_leggings":1,"magistuarmory:rustedcrusader_chestplate":1,"minecraft:dirt":3,"travelersbackpack:diamond":1,"minecraft:cooked_mutton":4,"minecraft:bone":6,"minecraft:arrow":1,"minecraft:rotten_flesh":9,"minecraft:wheat_seeds":3,"magistuarmory:rustedcrusader_boots":1,"travelersbackpack:lapis":3,"minecraft:beef":10,"minecraft:cooked_chicken":64,"minecraft:phantom_membrane":2,"minecraft:egg":1},"minecraft:used":{"magistuarmory:rustedcrusader_chestplate":1,"travelersbackpack:lapis":7,"travelersbackpack:diamond":4,"minecraft:cooked_porkchop":2,"weaponmaster:wm_broadswordlarge":2,"magistuarmory:rustedcrusader_boots":1,"minecraft:cooked_beef":1,"magistuarmory:rustedchainmail_leggings":1},"minecraft:mined":{"minecraft:grass":13,"minecraft:grass_block":2,"minecraft:dirt":1,"minecraft:tall_grass":1},"minecraft:broken":{"magistuarmory:rustedcrusader_boots":1},"minecraft:killed":{"minecraft:zombie":1}},"DataVersion":3463}