{"stats":{"minecraft:custom":{"minecraft:time_since_rest":5272,"minecraft:sprint_one_cm":78160,"minecraft:damage_taken":2627,"minecraft:walk_one_cm":144133,"minecraft:mob_kills":4,"minecraft:drop":1,"minecraft:damage_dealt":1283,"minecraft:player_kills":1,"minecraft:fly_one_cm":68444,"minecraft:open_chest":8,"minecraft:crouch_one_cm":84,"minecraft:play_time":53864,"minecraft:deaths":8,"minecraft:sneak_time":256,"minecraft:jump":413,"minecraft:time_since_death":5230,"minecraft:total_world_time":53864,"minecraft:fall_one_cm":9312},"minecraft:dropped":{"travelersbackpack:diamond":1},"minecraft:killed_by":{"minecraft:player":5,"weaponmaster:ability_skeleton_grenade_skeletons":1,"minecraft:zombie":1,"takesapillage:clay_golem":1},"minecraft:picked_up":{"magistuarmory:rustedhalfarmor_chestplate":1,"minecraft:cooked_beef":1,"minecraft:feather":1,"minecraft:cooked_porkchop":72,"magistuarmory:face_helmet":3,"minecraft:leather":8,"weaponmaster:weaponkit":2,"mutantmonsters:mutant_skeleton_chestplate":2,"mutantmonsters:mutant_skeleton_leggings":3,"minecraft:carrot":4,"magistuarmory:rustedchainmail_leggings":1,"magistuarmory:rustedcrusader_chestplate":1,"minecraft:dirt":48,"travelersbackpack:diamond":4,"mutantmonsters:hulk_hammer":3,"minecraft:cooked_mutton":16,"minecraft:bone":8,"minecraft:arrow":1,"minecraft:rotten_flesh":17,"magistuarmory:kastenbrust_boots":3,"minecraft:wheat_seeds":18,"magistuarmory:rustedcrusader_boots":1,"travelersbackpack:lapis":4,"magistuarmory:kastenbrust_leggings":3,"minecraft:beef":25,"minecraft:cooked_chicken":258,"mutantmonsters:mutant_skeleton_boots":3,"minecraft:baked_potato":1,"minecraft:phantom_membrane":14,"minecraft:white_wool":6,"minecraft:egg":13},"minecraft:used":{"minecraft:cooked_mutton":1,"magistuarmory:rustedcrusader_chestplate":1,"travelersbackpack:lapis":7,"travelersbackpack:diamond":5,"magistuarmory:kastenbrust_boots":1,"minecraft:cooked_chicken":1,"mutantmonsters:mutant_skeleton_boots":1,"mutantmonsters:hulk_hammer":25,"magistuarmory:kastenbrust_leggings":1,"minecraft:cooked_porkchop":2,"weaponmaster:wm_broadswordlarge":2,"magistuarmory:face_helmet":2,"magistuarmory:rustedcrusader_boots":1,"minecraft:cooked_beef":1,"magistuarmory:rustedhalfarmor_chestplate":1,"magistuarmory:rustedchainmail_leggings":1},"minecraft:mined":{"minecraft:grass":19,"minecraft:grass_block":2,"minecraft:dirt":1,"minecraft:tall_grass":1},"minecraft:broken":{"magistuarmory:rustedcrusader_boots":1},"minecraft:killed":{"minecraft:zombie":3,"minecraft:phantom":1}},"DataVersion":3463}