{"stats":{"minecraft:custom":{"minecraft:mob_kills":137,"minecraft:inspect_hopper":1,"minecraft:time_since_death":22825,"minecraft:climb_one_cm":246,"minecraft:damage_resisted":90,"minecraft:time_since_rest":23044,"minecraft:sprint_one_cm":108302,"minecraft:damage_taken":3869,"minecraft:walk_one_cm":213658,"minecraft:drop":52,"minecraft:damage_dealt":1491,"minecraft:talked_to_villager":1,"minecraft:fly_one_cm":121462,"minecraft:player_kills":1,"minecraft:open_chest":15,"minecraft:crouch_one_cm":84,"minecraft:play_time":89864,"minecraft:deaths":10,"minecraft:sneak_time":329,"minecraft:jump":633,"minecraft:total_world_time":89864,"minecraft:fall_one_cm":15380},"minecraft:dropped":{"minecraft:dark_oak_stairs":1,"minecraft:soul_soil":2,"minecraft:wheat_seeds":8,"travelersbackpack:diamond":1,"mutantmonsters:hulk_hammer":1,"minecraft:tuff":1,"minecraft:cobblestone":15,"minecraft:rotten_flesh":1,"minecraft:dark_prismarine_slab":2,"magistuarmory:rustedhalfarmor_chestplate":2,"minecraft:granite":3,"magistuarmory:rustednorman_helmet":3,"minecraft:polished_blackstone_brick_wall":1,"minecraft:leather_helmet":1,"minecraft:cobblestone_stairs":5,"minecraft:warped_trapdoor":4,"magistuarmory:rustedcrusader_boots":2,"minecraft:warped_slab":2,"minecraft:stone_button":2,"minecraft:torch":1,"minecraft:andesite":5,"minecraft:stone_brick_wall":1,"magistuarmory:rusted_bastardsword":3,"minecraft:andesite_stairs":4,"magistuarmory:rustedchainmail_chestplate":1,"minecraft:stone_bricks":7,"minecraft:bow":3,"magistuarmory:corruptedroundshield":2,"magistuarmory:rustedchainmail_boots":1,"minecraft:stone_brick_stairs":3,"magistuarmory:rustedchainmail_leggings":4},"minecraft:killed_by":{"minecraft:player":6,"minecraft:zombie":1,"weaponmaster:ability_skeleton_grenade_skeletons":2,"takesapillage:clay_golem":1},"minecraft:picked_up":{"minecraft:charcoal":4,"minecraft:feather":1,"magistuarmory:rustedhalfarmor_chestplate":5,"minecraft:cooked_beef":1,"minecraft:flower_pot":1,"magistuarmory:rustedchainmail_boots":4,"minecraft:leather_leggings":1,"minecraft:andesite":8,"minecraft:leather":8,"minecraft:stone_brick_wall":2,"minecraft:tuff":18,"mutantmonsters:mutant_skeleton_chestplate":2,"minecraft:stone_brick_stairs":4,"minecraft:warped_trapdoor":4,"minecraft:gunpowder":10,"minecraft:cobblestone_stairs":9,"minecraft:dirt":63,"minecraft:soul_soil":2,"minecraft:iron_axe":2,"travelersbackpack:diamond":6,"minecraft:birch_pressure_plate":1,"minecraft:cooked_mutton":22,"minecraft:bone":221,"minecraft:gray_carpet":1,"minecraft:stone_bricks":9,"magistuarmory:kastenbrust_boots":5,"minecraft:bow":9,"minecraft:wheat_seeds":34,"minecraft:cobbled_deepslate":16,"minecraft:spruce_planks":26,"minecraft:andesite_stairs":4,"travelersbackpack:lapis":4,"magistuarmory:kastenbrust_leggings":5,"minecraft:beef":35,"minecraft:cooked_chicken":381,"minecraft:warped_slab":2,"minecraft:spruce_slab":2,"minecraft:chest":1,"minecraft:spruce_trapdoor":5,"minecraft:dark_oak_stairs":2,"minecraft:phantom_membrane":20,"minecraft:egg":21,"minecraft:black_candle":3,"minecraft:dark_oak_slab":5,"minecraft:cooked_porkchop":72,"minecraft:oak_door":1,"magistuarmory:rustedchainmail_chestplate":1,"magistuarmory:face_helmet":5,"weaponmaster:weaponkit":2,"minecraft:torch":3,"minecraft:spruce_stairs":7,"magistuarmory:rustednorman_helmet":4,"minecraft:stone_button":2,"minecraft:spruce_sapling":1,"minecraft:carrot":4,"mutantmonsters:mutant_skeleton_leggings":5,"magistuarmory:rustedchainmail_leggings":5,"minecraft:barrel":1,"magistuarmory:rustedcrusader_chestplate":4,"minecraft:leather_helmet":2,"mutantmonsters:hulk_hammer":5,"minecraft:dark_prismarine_slab":2,"magistuarmory:rustedchainmail_helmet":1,"minecraft:arrow":155,"minecraft:rotten_flesh":37,"magistuarmory:rusted_bastardsword":5,"magistuarmory:rustedcrusader_boots":6,"magistuarmory:corruptedroundshield":7,"minecraft:granite":3,"mutantmonsters:mutant_skeleton_boots":3,"minecraft:spruce_sign":3,"minecraft:polished_blackstone_brick_wall":1,"minecraft:baked_potato":54,"minecraft:white_wool":10,"minecraft:bone_block":22,"minecraft:cobblestone":16},"minecraft:used":{"minecraft:cooked_mutton":1,"magistuarmory:rustedcrusader_chestplate":1,"travelersbackpack:lapis":7,"minecraft:baked_potato":4,"travelersbackpack:diamond":6,"magistuarmory:kastenbrust_boots":1,"minecraft:cooked_chicken":8,"magistuarmory:kastenbrust_leggings":1,"weaponmaster:wm_broadswordlarge":6,"magistuarmory:rustedhalfarmor_chestplate":1,"mutantmonsters:hulk_hammer":35,"mutantmonsters:mutant_skeleton_boots":1,"minecraft:cooked_porkchop":2,"magistuarmory:face_helmet":2,"magistuarmory:rustedcrusader_boots":1,"minecraft:cooked_beef":1,"magistuarmory:rustedchainmail_leggings":1},"minecraft:mined":{"minecraft:grass_block":2,"minecraft:tall_grass":1,"minecraft:oak_planks":1,"minecraft:wall_torch":1,"minecraft:grass":21,"minecraft:dirt":1},"minecraft:broken":{"magistuarmory:rustedcrusader_boots":1},"minecraft:killed":{"weaponmaster:ability_skeleton_grenade_skeletons":10,"minecraft:phantom":1,"minecraft:skeleton":123,"minecraft:zombie":3}},"DataVersion":3463}