{"stats":{"minecraft:custom":{"minecraft:open_chest":6,"minecraft:time_since_rest":15476,"minecraft:deaths":2,"minecraft:crouch_one_cm":11,"minecraft:play_time":29864,"minecraft:sprint_one_cm":41979,"minecraft:damage_taken":672,"minecraft:walk_one_cm":68294,"minecraft:sneak_time":47,"minecraft:mob_kills":1,"minecraft:jump":286,"minecraft:damage_dealt":230,"minecraft:time_since_death":1272,"minecraft:total_world_time":29864,"minecraft:fly_one_cm":44279,"minecraft:fall_one_cm":6829},"minecraft:killed_by":{"weaponmaster:ability_skeleton_grenade_skeletons":1,"takesapillage:clay_golem":1},"minecraft:picked_up":{"minecraft:arrow":1,"minecraft:bone":6,"minecraft:cooked_porkchop":62,"minecraft:rotten_flesh":9,"minecraft:leather":8,"magistuarmory:rustedcrusader_boots":1,"travelersbackpack:lapis":2,"minecraft:beef":10,"minecraft:carrot":4,"magistuarmory:rustedchainmail_leggings":1,"magistuarmory:rustedcrusader_chestplate":1,"minecraft:phantom_membrane":2,"minecraft:dirt":3,"minecraft:egg":1},"minecraft:used":{"magistuarmory:rustedcrusader_chestplate":1,"minecraft:cooked_porkchop":2,"travelersbackpack:lapis":2,"magistuarmory:rustedcrusader_boots":1,"magistuarmory:rustedchainmail_leggings":1},"minecraft:broken":{"magistuarmory:rustedcrusader_boots":1},"minecraft:mined":{"minecraft:grass":6,"minecraft:grass_block":2,"minecraft:dirt":1,"minecraft:tall_grass":1},"minecraft:killed":{"minecraft:zombie":1}},"DataVersion":3463}