{"stats":{"minecraft:custom":{"minecraft:interact_with_crafting_table":100,"minecraft:open_barrel":32,"minecraft:bell_ring":9,"minecraft:eat_cake_slice":7,"minecraft:leave_game":40,"minecraft:time_since_death":168697,"minecraft:damage_resisted":4059,"minecraft:sprint_one_cm":3139806,"minecraft:damage_blocked_by_shield":1835,"minecraft:drop":1888,"minecraft:talked_to_villager":254,"minecraft:play_time":1578959,"minecraft:deaths":7,"minecraft:jump":19417,"minecraft:walk_on_water_one_cm":72861,"minecraft:enchant_item":51,"minecraft:interact_with_furnace":76,"minecraft:play_record":2,"minecraft:traded_with_villager":6,"minecraft:sleep_in_bed":4,"minecraft:damage_dealt":41001,"minecraft:player_kills":8,"minecraft:crouch_one_cm":192483,"minecraft:interact_with_smoker":3,"minecraft:horse_one_cm":983866,"minecraft:interact_with_smithing_table":2,"minecraft:interact_with_anvil":12,"minecraft:mob_kills":12381,"minecraft:inspect_hopper":42,"minecraft:climb_one_cm":97171,"minecraft:walk_one_cm":1860807,"minecraft:target_hit":1,"minecraft:raid_win":1,"minecraft:sneak_time":58505,"minecraft:walk_under_water_one_cm":65138,"minecraft:boat_one_cm":328725,"minecraft:total_world_time":1578959,"minecraft:raid_trigger":1,"minecraft:interact_with_grindstone":17,"minecraft:time_since_rest":168726,"minecraft:damage_taken":21478,"minecraft:damage_absorbed":2610,"minecraft:swim_one_cm":45319,"minecraft:fly_one_cm":6082370,"minecraft:open_chest":1104,"minecraft:fall_one_cm":612555},"minecraft:dropped":{"minecraft:porkchop":10,"minecraft:lapis_lazuli":64,"minecraft:oak_log":10,"minecraft:baked_potato":86,"minecraft:chorus_fruit":3,"minecraft:glass_bottle":2,"travelersbackpack:bee":2,"minecraft:lantern":1,"minecraft:leather":21,"minecraft:saddle":1,"weaponmaster:wm_broadsword":1,"minecraft:emerald":9,"minecraft:gold_block":1,"minecraft:cracked_polished_blackstone_bricks":1,"minecraft:dirt":40,"minecraft:polished_blackstone_brick_stairs":20,"minecraft:mutton":1,"minecraft:gold_nugget":78,"minecraft:phantom_membrane":5,"minecraft:white_wool":2,"minecraft:gold_ingot":20,"minecraft:bone":18548,"minecraft:gravel":5,"travelersbackpack:ocelot":1,"minecraft:cobbled_deepslate":52,"minecraft:golden_chestplate":1,"minecraft:rotten_flesh":106,"minecraft:oak_planks":3,"travelersbackpack:pig":2,"minecraft:carrot":1,"minecraft:chainmail_chestplate":2,"minecraft:echo_shard":1,"weaponmaster:weaponkit":3,"minecraft:gunpowder":13,"minecraft:skeleton_skull":1,"minecraft:melon_seeds":4,"minecraft:ladder":4,"minecraft:chest":4,"minecraft:chainmail_boots":2,"minecraft:basalt":1,"minecraft:arrow":27575,"minecraft:beef":14,"minecraft:stone_brick_stairs":1,"minecraft:iron_ingot":1,"minecraft:enchanted_book":6,"minecraft:wheat_seeds":14,"minecraft:golden_helmet":5,"weaponmaster:tutorialbook":1,"minecraft:iron_helmet":1,"minecraft:cobblestone":100,"minecraft:spruce_stairs":1,"minecraft:polished_blackstone_button":2,"minecraft:chainmail_helmet":1,"minecraft:stick":5,"minecraft:warped_trapdoor":3,"minecraft:sculk":5,"minecraft:zombie_head":2,"minecraft:iron_leggings":2,"minecraft:smooth_stone":1,"minecraft:chainmail_leggings":2,"minecraft:string":45,"minecraft:bucket":1,"minecraft:gray_carpet":1,"minecraft:kelp":1,"minecraft:raw_copper":17,"minecraft:tuff":7,"magistuarmory:pantyhose":2,"minecraft:bowl":1,"minecraft:experience_bottle":1,"minecraft:stone_shovel":1,"minecraft:sculk_sensor":4,"magistuarmory:rustedhalfarmor_chestplate":2,"weaponmaster:wm_broadswordlarge":1,"minecraft:potato":65,"minecraft:shield":1,"minecraft:flower_pot":1,"minecraft:andesite":5,"minecraft:mossy_stone_bricks":1,"minecraft:golden_leggings":4,"minecraft:spider_eye":12,"minecraft:sandstone":5,"minecraft:bow":617,"minecraft:wooden_pickaxe":1,"fantasyfurniture:venthyr/chandelier":1,"weaponmaster:wm_rapierlarge":1,"mutantmonsters:mutant_skeleton_skull":2},"minecraft:killed_by":{"mutantmonsters:mutant_creeper":1},"minecraft:picked_up":{"minecraft:wheat":142,"minecraft:chainmail_boots":2,"minecraft:flower_pot":2,"minecraft:anvil":5,"minecraft:smithing_table":1,"minecraft:lead":4,"weaponmaster:wm_rapierlarge":1,"minecraft:oak_stairs":10,"minecraft:potion":4,"minecraft:enchanted_book":7,"minecraft:stone_brick_stairs":9,"minecraft:polished_blackstone_brick_stairs":47,"minecraft:string":113,"minecraft:raw_copper":40,"mutantmonsters:mutant_skeleton_skull":10,"travelersbackpack:diamond":1,"minecraft:iron_leggings":4,"minecraft:armor_stand":10,"minecraft:experience_bottle":6,"minecraft:zombie_head":3,"minecraft:cherry_boat":2,"minecraft:diamond_leggings":4,"minecraft:cobbled_deepslate":200,"minecraft:gold_nugget":182,"minecraft:smooth_stone":1,"minecraft:spruce_planks":10,"minecraft:white_tulip":1,"minecraft:rose_bush":1,"minecraft:cobblestone_slab":7,"minecraft:ender_eye":3,"minecraft:enchanted_golden_apple":62,"minecraft:coal_block":46,"minecraft:iron_boots":2,"minecraft:furnace":18,"minecraft:golden_helmet":12,"minecraft:polished_blackstone_brick_slab":5,"minecraft:stick":6,"minecraft:deepslate_brick_wall":2,"minecraft:oak_fence":1,"weaponmaster:weaponkit":2,"minecraft:torch":11,"minecraft:spruce_stairs":45,"minecraft:porkchop":43,"minecraft:cherry_log":46,"minecraft:diorite":56,"minecraft:golden_chestplate":2,"minecraft:warped_door":1,"minecraft:rabbit_foot":1,"mutantmonsters:mutant_skeleton_pelvis":8,"travelersbackpack:iron":1,"mutantmonsters:hulk_hammer":3,"minecraft:rotten_flesh":203,"minecraft:iron_block":3,"minecraft:blaze_rod":22,"mutantmonsters:mutant_skeleton_shoulder_pad":16,"takesapillage:bastille_blues_music_disc":2,"minecraft:deepslate_brick_stairs":4,"minecraft:obsidian":19,"minecraft:cobblestone":1288,"minecraft:enchanting_table":1,"minecraft:pink_petals":2,"minecraft:magma_block":1,"minecraft:magma_cream":2,"minecraft:water_bucket":2,"minecraft:andesite":11,"minecraft:golden_leggings":4,"minecraft:smoker":1,"minecraft:potato":723,"travelersbackpack:ocelot":1,"minecraft:tuff":95,"minecraft:warped_trapdoor":21,"minecraft:lapis_lazuli":234,"minecraft:dirt":220,"minecraft:lantern":21,"minecraft:name_tag":1,"travelersbackpack:bookshelf":2,"minecraft:bone":9641,"minecraft:bow":263,"minecraft:wheat_seeds":384,"minecraft:deepslate_brick_slab":4,"minecraft:raw_gold":5,"minecraft:bell":1,"minecraft:grindstone":2,"travelersbackpack:bee":5,"minecraft:mossy_stone_bricks":1,"minecraft:rabbit":3,"minecraft:glowstone_dust":19,"minecraft:moss_block":2,"minecraft:oak_planks":290,"minecraft:chiseled_polished_blackstone":10,"minecraft:cooked_porkchop":5,"fantasyfurniture:decorations/royal_platter":47,"minecraft:poisonous_potato":1,"minecraft:sand":113,"minecraft:dead_bush":1,"minecraft:grass_block":8,"minecraft:spruce_fence_gate":2,"minecraft:white_candle":7,"minecraft:green_concrete":1,"minecraft:diamond":36,"minecraft:polished_blackstone_pressure_plate":2,"minecraft:polished_blackstone_button":3,"minecraft:cracked_polished_blackstone_bricks":19,"minecraft:crossbow":1,"minecraft:granite":18,"minecraft:crimson_roots":10,"minecraft:golden_horse_armor":1,"minecraft:spruce_sign":4,"minecraft:emerald":94,"minecraft:chainmail_helmet":2,"minecraft:oak_sapling":9,"minecraft:netherrack":318,"minecraft:chorus_fruit":8,"minecraft:diamond_pickaxe":2,"minecraft:charcoal":2,"minecraft:azure_bluet":1,"minecraft:nether_wart":23,"minecraft:ladder":8,"minecraft:clay_ball":28,"minecraft:gold_block":76,"minecraft:diamond_horse_armor":1,"minecraft:chain":13,"minecraft:oak_trapdoor":2,"minecraft:iron_axe":7,"minecraft:item_frame":2,"minecraft:blackstone":83,"travelersbackpack:pig":2,"minecraft:blue_orchid":1,"minecraft:candle":3,"minecraft:echo_shard":2,"minecraft:beef":31,"minecraft:oak_boat":2,"magistuarmory:knight_leggings":1,"minecraft:poppy":1,"minecraft:spruce_slab":13,"magistuarmory:knight_boots":1,"minecraft:lectern":51,"minecraft:chest":16,"minecraft:spruce_trapdoor":9,"minecraft:phantom_membrane":39,"minecraft:egg":9,"minecraft:raw_iron":209,"minecraft:sandstone":5,"minecraft:oak_door":3,"fantasyfurniture:venthyr/chandelier":1,"travelersbackpack:cactus":3,"minecraft:spruce_fence":11,"minecraft:polished_blackstone_bricks":54,"minecraft:stone_button":3,"minecraft:carrot":8,"minecraft:redstone":34,"minecraft:stone_pressure_plate":8,"mutantmonsters:creeper_shard":1,"travelersbackpack:snow":1,"weaponmaster:wm_broadswordlarge":2,"minecraft:arrow":10352,"minecraft:weeping_vines":1,"minecraft:stone_shovel":1,"minecraft:pumpkin_pie":2,"weaponmaster:wm_broadsword":1,"minecraft:deepslate_bricks":19,"minecraft:hay_block":96,"mutantmonsters:mutant_skeleton_rib":46,"minecraft:saddle":4,"minecraft:gold_ingot":25,"minecraft:polished_blackstone":3,"minecraft:glow_berries":20,"minecraft:mutton":13,"minecraft:skeleton_skull":14,"minecraft:white_wool":9,"minecraft:oxeye_daisy":1,"minecraft:stripped_oak_log":10,"magistuarmory:rustedhalfarmor_chestplate":2,"minecraft:basalt":5,"travelersbackpack:melon":1,"minecraft:leather":64,"magistuarmory:armet":1,"minecraft:filled_map":1,"minecraft:crimson_fungus":1,"mutantmonsters:mutant_skeleton_chestplate":2,"magistuarmory:noble_sword":1,"minecraft:oak_log":232,"minecraft:chainmail_chestplate":2,"minecraft:ancient_debris":8,"minecraft:yellow_bed":3,"minecraft:gunpowder":39,"mutantmonsters:mutant_skeleton_limb":64,"minecraft:white_banner":7,"travelersbackpack:sheep":2,"minecraft:gray_carpet":3,"minecraft:apple":3,"minecraft:stone_bricks":13,"travelersbackpack:cake":1,"minecraft:kelp":1,"minecraft:rabbit_hide":1,"minecraft:iron_ingot":8,"weaponmaster:tutorialbook":2,"travelersbackpack:coal":1,"minecraft:iron_sword":2,"minecraft:book":447,"minecraft:oak_slab":19,"minecraft:black_candle":3,"minecraft:pumpkin":4,"minecraft:stone_brick_slab":6,"minecraft:quartz":3,"minecraft:dandelion":2,"minecraft:raw_iron_block":5,"magistuarmory:knight_chestplate":1,"minecraft:gravel":5,"magistuarmory:pantyhose":3,"minecraft:amethyst_shard":4,"minecraft:soul_torch":15,"minecraft:crying_obsidian":2,"minecraft:spider_eye":42,"travelersbackpack:standard":1,"minecraft:sculk_sensor":4,"minecraft:chainmail_leggings":2,"minecraft:iron_helmet":1,"minecraft:diamond_axe":2,"minecraft:cherry_sapling":4,"minecraft:polished_blackstone_brick_wall":4,"minecraft:baked_potato":124,"minecraft:melon_seeds":4,"minecraft:coal":134,"minecraft:hopper":3,"minecraft:ender_pearl":5},"minecraft:crafted":{"mutantmonsters:mutant_skeleton_leggings":2,"minecraft:oak_planks":652,"minecraft:cobblestone_slab":6,"fantasyfurniture:furniture_station":1,"minecraft:cherry_boat":1,"minecraft:diamond_shovel":1,"minecraft:bookshelf":18,"weaponmaster:workstation":1,"mutantmonsters:mutant_skeleton_arms":2,"minecraft:glass":104,"minecraft:hopper":1,"minecraft:bow":31,"minecraft:iron_boots":1,"mutantmonsters:mutant_skeleton_boots":2,"minecraft:netherite_helmet":1,"minecraft:chest":18,"mutantmonsters:mutant_skeleton_rib_cage":2,"weaponmaster:weaponkit":5,"minecraft:oak_slab":6,"minecraft:diamond_axe":1,"minecraft:crafting_table":13,"travelersbackpack:standard":1,"minecraft:baked_potato":350,"minecraft:wooden_pickaxe":1,"minecraft:iron_helmet":1,"minecraft:smithing_table":1,"minecraft:red_wool":2,"travelersbackpack:red_sleeping_bag":1,"minecraft:lectern":2,"minecraft:iron_chestplate":1,"minecraft:diamond_pickaxe":2,"minecraft:shield":1,"minecraft:stick":108,"minecraft:iron_ingot":217,"minecraft:iron_pickaxe":2,"minecraft:iron_block":3,"minecraft:stone_sword":5,"magistuarmory:griffin_decoration":1,"minecraft:netherite_ingot":2,"minecraft:cherry_planks":184,"minecraft:oak_door":3,"minecraft:raw_iron":45,"minecraft:stone_shovel":3,"minecraft:coal":288,"minecraft:bone_meal":4617,"travelersbackpack:blank_upgrade":4,"minecraft:oak_trapdoor":4,"minecraft:flint_and_steel":1,"mutantmonsters:mutant_skeleton_chestplate":2,"minecraft:iron_axe":1,"minecraft:ladder":12,"minecraft:iron_hoe":4,"minecraft:stone_pickaxe":3,"minecraft:diamond_boots":1,"minecraft:netherite_scrap":10,"minecraft:wheat":576,"minecraft:red_dye":2,"minecraft:bone_block":448,"minecraft:netherite_pickaxe":1,"minecraft:enchanting_table":1,"travelersbackpack:backpack_tank":4,"minecraft:bucket":7,"minecraft:stone_axe":4,"minecraft:enchanted_book":5,"minecraft:bread":108,"minecraft:air":0,"minecraft:oak_boat":2,"minecraft:white_wool":3,"minecraft:iron_leggings":1,"minecraft:anvil":1,"minecraft:torch":52,"minecraft:diamond_chestplate":1},"minecraft:used":{"minecraft:moss_block":1,"minecraft:ladder":8,"minecraft:chest":30,"minecraft:bell":1,"travelersbackpack:diamond":1,"minecraft:rotten_flesh":4,"travelersbackpack:pig":4,"minecraft:tuff":25,"minecraft:obsidian":5,"fantasyfurniture:dunmer/cushion":4,"magistuarmory:messer_sword":30,"mutantmonsters:mutant_creeper_spawn_egg":2,"minecraft:lava_bucket":13,"minecraft:grass_block":93,"minecraft:lantern":18,"mutantmonsters:mutant_enderman_spawn_egg":1,"mutantmonsters:creeper_minion_spawn_egg":1,"weaponmaster:wm_broadsword":84,"minecraft:stone_bricks":6,"minecraft:bow":133,"minecraft:hay_block":1,"takesapillage:bastille_blues_music_disc":2,"minecraft:furnace":12,"minecraft:oak_sapling":8,"guardvillagers:guard_spawn_egg":1,"fantasyfurniture:venthyr/chandelier":2,"minecraft:egg":4,"minecraft:potato":310,"minecraft:chiseled_polished_blackstone":10,"minecraft:diorite":2,"minecraft:stone_pickaxe":155,"minecraft:gray_carpet":1,"weaponmaster:wm_rapierlarge":18,"minecraft:oak_planks":282,"minecraft:blackstone":29,"minecraft:wooden_pickaxe":3,"fantasyfurniture:nordic/desk_left":1,"minecraft:diamond_axe":312,"minecraft:white_wool":2,"minecraft:sand":24,"travelersbackpack:bee":4,"minecraft:netherite_helmet":2,"weaponmaster:wm_broadswordlarge":106,"minecraft:lingering_potion":86,"magistuarmory:noble_sword":16,"mutantmonsters:mutant_skeleton_skull":1,"minecraft:crying_obsidian":1,"minecraft:string":4,"minecraft:bread":175,"minecraft:lectern":52,"fantasyfurniture:decorations/potion_bottles":5,"minecraft:wooden_sword":10,"minecraft:grindstone":2,"minecraft:smithing_table":1,"minecraft:andesite":5,"minecraft:oak_boat":2,"minecraft:bone_meal":431,"minecraft:experience_bottle":7,"minecraft:cobweb":1,"minecraft:cherry_boat":2,"minecraft:oak_trapdoor":6,"minecraft:polished_blackstone_brick_slab":1,"minecraft:enchanting_table":2,"minecraft:stone_sword":553,"minecraft:flint_and_steel":61,"minecraft:stone_shovel":157,"minecraft:spruce_planks":5,"weaponmaster:workstation":16,"minecraft:netherrack":316,"minecraft:oak_door":2,"minecraft:torch":13,"minecraft:dirt":55,"minecraft:anvil":3,"easy_npc:humanoid_slim_spawn_egg":1,"fantasyfurniture:decorations/royal_platter":48,"minecraft:hopper":3,"minecraft:spruce_stairs":29,"minecraft:granite":7,"minecraft:spruce_fence":1,"minecraft:iron_hoe":750,"minecraft:stone_brick_slab":4,"minecraft:bookshelf":16,"minecraft:iron_axe":141,"mutantmonsters:creeper_shard":5,"travelersbackpack:cactus":2,"minecraft:polished_blackstone_brick_stairs":27,"minecraft:basalt":4,"minecraft:netherite_pickaxe":278,"travelersbackpack:cake":3,"minecraft:cobbled_deepslate":41,"minecraft:enchanted_golden_apple":13,"fantasyfurniture:bone/wither/stool":1,"minecraft:water_bucket":113,"minecraft:baked_potato":207,"minecraft:cherry_planks":83,"minecraft:cobblestone_slab":1,"travelersbackpack:coal":1,"minecraft:vindicator_spawn_egg":30,"minecraft:horse_spawn_egg":2,"minecraft:polished_blackstone_bricks":22,"magistuarmory:iron_target":69,"minecraft:crafting_table":12,"minecraft:oak_slab":2,"minecraft:campfire":1,"minecraft:oak_log":5,"minecraft:apple":5,"minecraft:diamond_pickaxe":2203,"minecraft:warped_trapdoor":7,"minecraft:diamond_shovel":46,"travelersbackpack:bookshelf":3,"minecraft:iron_pickaxe":488,"minecraft:suspicious_stew":1,"minecraft:stone_axe":409,"fantasyfurniture:furniture_station":3,"minecraft:cobblestone":591,"minecraft:potion":3,"minecraft:porkchop":5,"minecraft:white_banner":1,"minecraft:cooked_porkchop":4,"minecraft:pumpkin_pie":2,"minecraft:bucket":131,"fantasyfurniture:decorations/coin_stack_gold":1,"minecraft:yellow_bed":2,"takesapillage:ravager_horn":3,"minecraft:jukebox":2,"minecraft:diamond_leggings":2,"minecraft:smooth_stone":12},"minecraft:broken":{"mutantmonsters:mutant_skeleton_chestplate":1,"mutantmonsters:mutant_skeleton_skull":1,"minecraft:iron_boots":1,"minecraft:stone_pickaxe":1,"minecraft:stone_axe":3,"magistuarmory:rustedhalfarmor_chestplate":1,"minecraft:iron_hoe":3,"minecraft:diamond_chestplate":1,"magistuarmory:crusader_boots":1,"minecraft:stone_sword":3,"minecraft:diamond_leggings":1,"minecraft:iron_pickaxe":2,"minecraft:iron_helmet":1},"minecraft:mined":{"minecraft:spruce_planks":10,"minecraft:cherry_log":46,"minecraft:sculk_vein":42,"minecraft:potted_blue_orchid":1,"minecraft:obsidian":19,"minecraft:granite":18,"minecraft:spruce_trapdoor":9,"minecraft:potted_dead_bush":1,"minecraft:chiseled_polished_blackstone":10,"minecraft:grass_block":31,"minecraft:cracked_polished_blackstone_bricks":40,"minecraft:deepslate_bricks":25,"minecraft:coal_block":46,"minecraft:polished_blackstone_brick_slab":12,"minecraft:deepslate_tile_stairs":1,"minecraft:green_concrete":1,"minecraft:composter":1,"minecraft:hopper":3,"minecraft:nether_wart":24,"minecraft:gilded_blackstone":33,"minecraft:chiseled_stone_bricks":1,"minecraft:smooth_stone":1,"minecraft:polished_blackstone_bricks":106,"minecraft:raw_iron_block":5,"minecraft:magma_block":1,"minecraft:glowstone":4,"minecraft:sculk_catalyst":2,"minecraft:cobbled_deepslate":14,"minecraft:barrel":1,"minecraft:iron_ore":44,"minecraft:fire":63,"minecraft:pumpkin":4,"minecraft:anvil":2,"minecraft:deepslate_lapis_ore":11,"minecraft:enchanting_table":1,"minecraft:sculk_shrieker":2,"minecraft:dirt_path":4,"minecraft:oak_stairs":12,"minecraft:deepslate_brick_stairs":4,"minecraft:black_candle":1,"minecraft:white_banner":1,"minecraft:iron_block":3,"minecraft:spruce_slab":13,"minecraft:deepslate_redstone_ore":6,"minecraft:blackstone":125,"minecraft:kelp_plant":1,"minecraft:deepslate_brick_wall":2,"minecraft:crimson_nylium":68,"minecraft:smoker":1,"minecraft:powder_snow":8,"minecraft:clay":7,"minecraft:torch":6,"minecraft:chest":14,"minecraft:nether_quartz_ore":3,"minecraft:cobblestone":118,"minecraft:white_candle":2,"minecraft:grindstone":2,"minecraft:oak_planks":74,"minecraft:wall_torch":2,"minecraft:cauldron":1,"minecraft:skeleton_skull":4,"minecraft:pink_petals":2,"minecraft:chain":13,"minecraft:wheat":29,"mutantmonsters:mutant_skeleton_skull":1,"minecraft:stone_brick_stairs":9,"minecraft:smooth_stone_slab":2,"minecraft:grass":192,"minecraft:oak_log":240,"minecraft:sand":117,"minecraft:dirt":111,"minecraft:netherrack":327,"minecraft:ancient_debris":8,"minecraft:oak_leaves":40,"minecraft:deepslate":227,"minecraft:suspicious_gravel":2,"minecraft:nether_gold_ore":4,"minecraft:diamond_ore":3,"minecraft:crying_obsidian":2,"minecraft:tuff":207,"minecraft:deepslate_diamond_ore":23,"minecraft:candle":2,"minecraft:oak_door":2,"minecraft:warped_door":1,"minecraft:dark_oak_fence":1,"minecraft:spruce_fence":11,"minecraft:crimson_roots":2,"minecraft:weeping_vines":1,"minecraft:white_stained_glass":1,"minecraft:redstone_wire":3,"minecraft:spruce_leaves":19,"minecraft:moss_block":2,"minecraft:hay_block":96,"minecraft:deepslate_brick_slab":4,"minecraft:redstone_ore":6,"minecraft:oak_trapdoor":2,"minecraft:furnace":18,"minecraft:andesite":11,"minecraft:gold_block":77,"minecraft:bookshelf":103,"minecraft:potatoes":186,"minecraft:cobblestone_slab":1,"minecraft:deepslate_iron_ore":124,"minecraft:lantern":1,"minecraft:stripped_oak_log":10,"minecraft:warped_trapdoor":15,"minecraft:stone":942,"minecraft:white_tulip":1,"minecraft:white_wool":2,"minecraft:smithing_table":1,"minecraft:oak_slab":14,"minecraft:basalt":4,"minecraft:stone_brick_slab":7,"minecraft:polished_blackstone_brick_wall":8,"minecraft:dandelion":3,"minecraft:oak_fence":1,"minecraft:crafting_table":1,"minecraft:emerald_ore":1,"minecraft:rose_bush":3,"minecraft:sculk_sensor":6,"minecraft:lectern":51,"minecraft:tall_grass":38,"minecraft:copper_ore":7,"minecraft:deepslate_gold_ore":3,"minecraft:lapis_ore":8,"minecraft:polished_blackstone_brick_stairs":54,"minecraft:cracked_deepslate_bricks":1,"minecraft:sculk":715,"minecraft:diorite":12,"minecraft:spruce_stairs":40,"minecraft:gray_wool":2,"minecraft:white_carpet":1,"minecraft:yellow_bed":3,"minecraft:coal_ore":25,"minecraft:cherry_leaves":6,"minecraft:gravel":11,"minecraft:gray_carpet":2,"minecraft:cobweb":2,"minecraft:polished_blackstone":8,"minecraft:spruce_fence_gate":2,"minecraft:stone_bricks":15,"minecraft:mossy_stone_bricks":1},"minecraft:killed":{"minecraft:zombified_piglin":26,"minecraft:witch":5,"minecraft:spider":98,"weaponmaster:ability_skeleton_grenade_skeletons":48,"minecraft:skeleton":11500,"minecraft:chicken":12,"minecraft:piglin_brute":19,"minecraft:magma_cube":8,"minecraft:wolf":1,"minecraft:piglin":25,"minecraft:pig":21,"minecraft:zombie_villager":5,"minecraft:iron_golem":1,"mutantmonsters:mutant_skeleton":8,"minecraft:creeper":60,"minecraft:sheep":28,"minecraft:trader_llama":4,"minecraft:pillager":27,"minecraft:zombie":198,"minecraft:ghast":1,"mutantmonsters:mutant_creeper":2,"takesapillage:archer":6,"minecraft:blaze":11,"minecraft:cow":28,"takesapillage:legioner":2,"minecraft:vindicator":33,"minecraft:phantom":20,"minecraft:horse":24,"minecraft:warden":1,"takesapillage:skirmisher":3,"minecraft:rabbit":2,"minecraft:wandering_trader":2,"minecraft:ravager":1,"minecraft:hoglin":3,"mutantmonsters:mutant_enderman":1,"mutantmonsters:mutant_zombie":3,"minecraft:villager":2,"minecraft:enderman":8}},"DataVersion":3463}