{"stats":{"minecraft:custom":{"minecraft:interact_with_crafting_table":190,"minecraft:open_barrel":44,"minecraft:bell_ring":248,"minecraft:eat_cake_slice":7,"minecraft:leave_game":59,"minecraft:time_since_death":1554635,"minecraft:damage_blocked_by_shield":1835,"minecraft:play_time":2964897,"minecraft:deaths":7,"minecraft:jump":33024,"minecraft:enchant_item":65,"minecraft:interact_with_furnace":124,"minecraft:play_record":2,"minecraft:traded_with_villager":463,"minecraft:sleep_in_bed":41,"minecraft:damage_dealt":50208,"minecraft:interact_with_smoker":4,"minecraft:horse_one_cm":983866,"minecraft:interact_with_smithing_table":15,"minecraft:interact_with_anvil":13,"minecraft:inspect_hopper":44,"minecraft:target_hit":1,"minecraft:sneak_time":119547,"minecraft:interact_with_blast_furnace":5,"minecraft:total_world_time":2964897,"minecraft:time_since_rest":81095,"minecraft:swim_one_cm":225883,"minecraft:fly_one_cm":10321970,"minecraft:open_chest":2430,"minecraft:fall_one_cm":1111491,"minecraft:animals_bred":12,"minecraft:damage_resisted":19887,"minecraft:sprint_one_cm":6835613,"minecraft:drop":2336,"minecraft:talked_to_villager":536,"minecraft:interact_with_brewingstand":14,"minecraft:walk_on_water_one_cm":114300,"minecraft:player_kills":8,"minecraft:crouch_one_cm":579112,"minecraft:mob_kills":13984,"minecraft:climb_one_cm":117669,"minecraft:walk_one_cm":5327180,"minecraft:raid_win":12,"minecraft:walk_under_water_one_cm":98754,"minecraft:boat_one_cm":328725,"minecraft:raid_trigger":13,"minecraft:interact_with_grindstone":29,"minecraft:damage_taken":26985,"minecraft:damage_absorbed":3053},"minecraft:dropped":{"minecraft:iron_sword":3,"minecraft:porkchop":10,"minecraft:lapis_lazuli":64,"minecraft:chorus_fruit":3,"minecraft:glass_bottle":21,"minecraft:cooked_porkchop":43,"minecraft:orange_tulip":1,"minecraft:crossbow":17,"minecraft:saddle":1,"weaponmaster:wm_broadsword":1,"mutantmonsters:mutant_skeleton_shoulder_pad":2,"minecraft:emerald":18,"minecraft:gold_block":1,"minecraft:dirt":253,"minecraft:dark_oak_fence":1,"minecraft:gold_nugget":88,"minecraft:phantom_membrane":5,"minecraft:sugar":11,"magistuarmory:corruptedroundshield":6,"minecraft:white_wool":3,"minecraft:bone":19850,"magistuarmory:rustedchainmail_leggings":2,"minecraft:golden_chestplate":1,"minecraft:cobbled_deepslate":52,"minecraft:rotten_flesh":247,"minecraft:oak_planks":3,"minecraft:glowstone_dust":7,"minecraft:echo_shard":1,"weaponmaster:weaponkit":3,"minecraft:ladder":4,"minecraft:glass":12,"minecraft:beef":45,"minecraft:stone_brick_stairs":1,"minecraft:enchanted_book":6,"minecraft:iron_ingot":1,"minecraft:wheat_seeds":72,"minecraft:clock":2,"minecraft:feather":1,"minecraft:dark_prismarine_slab":22,"minecraft:iron_helmet":23,"minecraft:cobblestone":252,"minecraft:polished_blackstone_button":2,"minecraft:chainmail_helmet":6,"minecraft:warped_trapdoor":3,"magistuarmory:rustedcrusader_boots":2,"minecraft:oxeye_daisy":1,"minecraft:sculk":5,"minecraft:wooden_axe":2,"minecraft:diamond_helmet":2,"minecraft:potion":1,"minecraft:white_banner":6,"magistuarmory:rustedbarbute":2,"minecraft:smooth_stone":1,"minecraft:chainmail_leggings":2,"minecraft:string":66,"minecraft:gray_carpet":1,"magistuarmory:pantyhose":2,"minecraft:bowl":5,"minecraft:stone_shovel":1,"minecraft:experience_bottle":1,"minecraft:clay_ball":5,"minecraft:stone_slab":5,"minecraft:shears":1,"minecraft:pumpkin_seeds":1,"minecraft:diamond_sword":1,"minecraft:potato":1498,"minecraft:cobblestone_slab":1,"takesapillage:ravager_horn":8,"minecraft:flower_pot":1,"minecraft:allium":2,"mutantmonsters:mutant_skeleton_limb":7,"minecraft:spider_eye":40,"minecraft:sandstone":5,"minecraft:rabbit_stew":23,"minecraft:bow":630,"weaponmaster:wm_rapierlarge":1,"mutantmonsters:mutant_skeleton_skull":3,"mutantmonsters:mutant_skeleton_rib":2,"minecraft:brown_mushroom":17,"minecraft:diamond_axe":3,"minecraft:oak_log":10,"minecraft:baked_potato":86,"travelersbackpack:bee":2,"minecraft:lantern":1,"minecraft:leather":21,"minecraft:flint":1,"minecraft:cracked_polished_blackstone_bricks":1,"minecraft:polished_blackstone_brick_stairs":22,"minecraft:cornflower":1,"minecraft:mutton":1,"minecraft:birch_log":3,"minecraft:gold_ingot":20,"minecraft:gravel":14,"travelersbackpack:ocelot":1,"mutantmonsters:mutant_skeleton_pelvis":1,"minecraft:beetroot":2,"travelersbackpack:pig":2,"minecraft:carrot":2,"minecraft:chainmail_chestplate":15,"minecraft:gunpowder":40,"minecraft:skeleton_skull":1,"minecraft:melon_seeds":4,"minecraft:chest":4,"minecraft:chainmail_boots":4,"magistuarmory:rustedchainmail_chestplate":1,"minecraft:basalt":52,"minecraft:arrow":29869,"minecraft:quartz":1,"minecraft:netherrack":961,"minecraft:stone_hoe":12,"minecraft:oak_slab":3,"magistuarmory:rustedkettlehat":1,"minecraft:golden_helmet":5,"weaponmaster:tutorialbook":1,"minecraft:diamond_leggings":3,"minecraft:spruce_stairs":1,"minecraft:grass_block":3,"minecraft:stick":39,"minecraft:diorite":3,"minecraft:zombie_head":2,"minecraft:iron_leggings":14,"minecraft:iron_axe":10,"minecraft:bucket":1,"minecraft:dandelion":2,"minecraft:redstone":29,"minecraft:kelp":1,"minecraft:oak_trapdoor":2,"minecraft:raw_copper":44,"minecraft:tuff":7,"minecraft:sculk_sensor":4,"magistuarmory:rustedhalfarmor_chestplate":4,"weaponmaster:wm_broadswordlarge":2,"minecraft:totem_of_undying":2,"minecraft:glass_pane":1,"minecraft:filled_map":1,"minecraft:shield":17,"magistuarmory:rustedchainmail_helmet":2,"minecraft:diamond_chestplate":2,"minecraft:andesite":5,"minecraft:mossy_stone_bricks":2,"minecraft:golden_leggings":5,"minecraft:oak_sapling":6,"minecraft:diamond_boots":2,"minecraft:wooden_pickaxe":6,"fantasyfurniture:venthyr/chandelier":1},"minecraft:killed_by":{"mutantmonsters:mutant_creeper":1},"minecraft:crafted":{"mutantmonsters:mutant_skeleton_leggings":3,"minecraft:smooth_stone":3,"minecraft:chainmail_helmet":5,"fantasyfurniture:furniture_station":1,"minecraft:blaze_powder":2,"minecraft:oak_pressure_plate":1,"minecraft:diamond_shovel":4,"minecraft:bookshelf":19,"weaponmaster:workstation":2,"minecraft:glass":152,"minecraft:diamond_helmet":12,"minecraft:diamond_leggings":12,"mutantmonsters:mutant_skeleton_boots":2,"minecraft:iron_door":3,"weaponmaster:weaponkit":5,"minecraft:glass_bottle":3,"minecraft:emerald":67,"minecraft:cooked_porkchop":570,"minecraft:diamond_axe":15,"magistuarmory:gazelle_horns_decoration":1,"travelersbackpack:standard":2,"minecraft:smithing_table":1,"minecraft:clock":1,"travelersbackpack:red_sleeping_bag":1,"minecraft:lectern":3,"minecraft:stone_slab":6,"minecraft:iron_pickaxe":2,"minecraft:iron_block":12,"minecraft:gold_ingot":54,"minecraft:netherite_ingot":3,"minecraft:rabbit_stew":23,"minecraft:stone_shovel":3,"minecraft:iron_nugget":144,"minecraft:diamond_hoe":3,"minecraft:yellow_bed":3,"minecraft:bone_meal":5961,"travelersbackpack:blank_upgrade":4,"travelersbackpack:gold_tier_upgrade":1,"minecraft:lantern":17,"minecraft:ladder":12,"minecraft:stone_pickaxe":3,"minecraft:diamond_boots":13,"travelersbackpack:spider":3,"minecraft:wheat":756,"minecraft:netherite_pickaxe":1,"minecraft:enchanting_table":1,"minecraft:blue_bed":5,"minecraft:deepslate_tiles":4,"minecraft:enchanted_book":15,"minecraft:oak_fence_gate":2,"minecraft:golden_apple":7,"minecraft:fermented_spider_eye":2,"minecraft:oak_stairs":300,"minecraft:iron_leggings":11,"minecraft:white_bed":8,"minecraft:grindstone":1,"minecraft:oak_planks":3072,"minecraft:cobblestone_slab":6,"minecraft:cherry_slab":6,"minecraft:cooked_chicken":256,"minecraft:cherry_boat":1,"minecraft:stone":6,"minecraft:cobblestone_stairs":8,"mutantmonsters:mutant_skeleton_arms":2,"minecraft:hopper":1,"minecraft:bow":33,"minecraft:iron_boots":1,"minecraft:chest":60,"minecraft:netherite_helmet":1,"minecraft:oak_button":1,"mutantmonsters:mutant_skeleton_rib_cage":2,"minecraft:stone_hoe":12,"minecraft:oak_fence":96,"minecraft:oak_slab":228,"travelersbackpack:iron_tier_upgrade":1,"minecraft:crafting_table":25,"minecraft:wooden_pickaxe":1,"minecraft:baked_potato":478,"minecraft:iron_helmet":12,"minecraft:chainmail_chestplate":12,"minecraft:red_wool":2,"minecraft:brewing_stand":1,"minecraft:iron_chestplate":1,"minecraft:diamond_pickaxe":5,"minecraft:shield":13,"minecraft:stick":220,"minecraft:iron_ingot":319,"minecraft:stone_sword":5,"magistuarmory:griffin_decoration":1,"minecraft:deepslate_bricks":4,"minecraft:shears":2,"minecraft:cherry_planks":184,"minecraft:oak_door":15,"travelersbackpack:netherite_tier_upgrade":1,"minecraft:raw_iron":45,"minecraft:coal":288,"minecraft:blast_furnace":1,"minecraft:oak_trapdoor":4,"minecraft:glass_pane":160,"minecraft:flint_and_steel":2,"mutantmonsters:mutant_skeleton_chestplate":2,"minecraft:leather":4,"minecraft:polished_deepslate":4,"minecraft:iron_axe":4,"minecraft:iron_hoe":4,"minecraft:netherite_scrap":10,"travelersbackpack:diamond_tier_upgrade":1,"minecraft:sugar":2,"minecraft:red_dye":2,"minecraft:bone_block":491,"minecraft:crimson_planks":4,"minecraft:diamond_sword":10,"travelersbackpack:backpack_tank":4,"minecraft:bell":54,"minecraft:bucket":7,"minecraft:stone_axe":4,"minecraft:bread":108,"minecraft:air":0,"minecraft:blue_dye":5,"minecraft:oak_boat":4,"minecraft:white_wool":7,"minecraft:anvil":3,"minecraft:torch":292,"minecraft:diamond_chestplate":13},"minecraft:picked_up":{"minecraft:wooden_axe":3,"minecraft:chainmail_boots":5,"minecraft:flower_pot":2,"minecraft:anvil":5,"weaponmaster:wm_rapierlarge":1,"minecraft:smithing_table":8,"minecraft:lead":18,"minecraft:diamond_sword":3,"minecraft:oak_stairs":155,"minecraft:enchanted_book":7,"minecraft:brewing_stand":1,"minecraft:golden_sword":1,"minecraft:polished_blackstone_brick_stairs":56,"minecraft:string":171,"minecraft:beetroot":2,"minecraft:cherry_boat":2,"minecraft:diamond_leggings":7,"minecraft:gold_nugget":282,"minecraft:cobbled_deepslate":273,"minecraft:spruce_planks":20,"minecraft:enchanted_golden_apple":62,"minecraft:coal_block":46,"minecraft:golden_helmet":12,"minecraft:polished_blackstone_brick_slab":5,"minecraft:composter":2,"magistuarmory:rusted_heavymace":1,"minecraft:golden_axe":1,"minecraft:cherry_log":46,"magistuarmory:rustedcrusader_chestplate":2,"minecraft:golden_chestplate":2,"minecraft:warped_door":1,"minecraft:rabbit_foot":1,"mutantmonsters:mutant_skeleton_pelvis":12,"travelersbackpack:iron":1,"minecraft:red_tulip":1,"minecraft:iron_block":4,"minecraft:blaze_rod":22,"takesapillage:bastille_blues_music_disc":2,"minecraft:iron_bars":2,"minecraft:birch_log":3,"minecraft:magma_block":1,"minecraft:feather":2,"minecraft:oxidized_copper":1,"magistuarmory:rustedchainmail_boots":1,"minecraft:iron_door":3,"minecraft:water_bucket":2,"minecraft:smoker":3,"minecraft:flint":3,"travelersbackpack:ocelot":1,"minecraft:lantern":28,"minecraft:rabbit":3,"minecraft:diamond_helmet":2,"minecraft:glowstone_dust":35,"minecraft:moss_block":2,"minecraft:chiseled_polished_blackstone":10,"fantasyfurniture:decorations/royal_platter":47,"minecraft:barrel":3,"minecraft:iron_hoe":2,"minecraft:polished_andesite":1,"minecraft:white_candle":13,"minecraft:green_concrete":1,"weaponmaster:workstation":8,"minecraft:granite":23,"minecraft:chainmail_helmet":2,"minecraft:golden_horse_armor":1,"minecraft:bread":10,"minecraft:dark_oak_fence":1,"minecraft:crimson_roots":11,"minecraft:diamond_pickaxe":2,"minecraft:crafting_table":11,"minecraft:bee_nest":3,"minecraft:nether_wart":23,"minecraft:clay_ball":62,"minecraft:cornflower":2,"travelersbackpack:pig":2,"minecraft:glass_pane":1,"travelersbackpack:lapis":2,"minecraft:beef":64,"minecraft:poppy":1,"minecraft:spruce_slab":13,"minecraft:chest":16,"minecraft:egg":13,"minecraft:sandstone":6,"minecraft:oak_door":13,"magistuarmory:rustedbarbute":4,"travelersbackpack:cactus":3,"minecraft:spruce_fence":11,"minecraft:carrot":10,"minecraft:redstone":70,"mutantmonsters:creeper_shard":1,"travelersbackpack:snow":1,"minecraft:diamond_chestplate":2,"minecraft:stone_shovel":1,"minecraft:deepslate_bricks":19,"weaponmaster:wm_broadsword":1,"minecraft:shears":1,"minecraft:diamond_boots":2,"minecraft:hay_block":96,"minecraft:gold_ingot":28,"minecraft:totem_of_undying":32,"minecraft:polished_blackstone":17,"minecraft:glow_berries":20,"minecraft:mutton":13,"minecraft:white_wool":25,"minecraft:oxeye_daisy":2,"minecraft:stripped_oak_log":20,"minecraft:clock":2,"magistuarmory:rustedhalfarmor_chestplate":6,"magistuarmory:armet":1,"minecraft:filled_map":1,"mutantmonsters:mutant_skeleton_chestplate":2,"minecraft:oak_log":1790,"magistuarmory:noble_sword":1,"minecraft:ancient_debris":10,"mutantmonsters:mutant_skeleton_limb":97,"minecraft:blue_bed":1,"minecraft:white_banner":74,"travelersbackpack:sheep":2,"minecraft:apple":22,"minecraft:stone_bricks":13,"travelersbackpack:cake":1,"minecraft:kelp":1,"minecraft:cobweb":37,"weaponmaster:tutorialbook":2,"minecraft:glass_bottle":33,"minecraft:iron_sword":8,"minecraft:gravel":53,"magistuarmory:rustednorman_helmet":1,"magistuarmory:rustedchainmail_leggings":6,"minecraft:crying_obsidian":2,"minecraft:leather_helmet":1,"travelersbackpack:standard":1,"minecraft:slime_ball":22,"minecraft:diamond_axe":5,"minecraft:polished_blackstone_brick_wall":4,"minecraft:oak_button":4,"minecraft:baked_potato":124,"minecraft:melon_seeds":4,"minecraft:hopper":3,"minecraft:ender_pearl":6,"minecraft:wheat":142,"minecraft:yellow_wool":9,"minecraft:potion":5,"minecraft:stone_brick_stairs":10,"travelersbackpack:spider":1,"mutantmonsters:mutant_skeleton_skull":17,"minecraft:raw_copper":69,"travelersbackpack:diamond":1,"minecraft:iron_leggings":7,"minecraft:armor_stand":10,"minecraft:zombie_head":3,"minecraft:experience_bottle":6,"minecraft:smooth_stone":1,"minecraft:white_tulip":1,"minecraft:rose_bush":1,"minecraft:cobblestone_slab":13,"minecraft:ender_eye":9,"minecraft:iron_boots":2,"minecraft:furnace":18,"minecraft:stick":147,"minecraft:deepslate_brick_wall":2,"minecraft:oak_fence":19,"weaponmaster:weaponkit":2,"minecraft:torch":35,"minecraft:spruce_stairs":45,"minecraft:porkchop":62,"minecraft:diorite":94,"mutantmonsters:hulk_hammer":9,"minecraft:rotten_flesh":589,"mutantmonsters:mutant_skeleton_shoulder_pad":24,"minecraft:deepslate_brick_stairs":4,"minecraft:obsidian":166,"minecraft:cobblestone":4279,"minecraft:enchanting_table":1,"minecraft:pink_petals":2,"minecraft:magma_cream":2,"minecraft:andesite":24,"minecraft:golden_leggings":5,"minecraft:potato":3004,"minecraft:tuff":135,"minecraft:warped_trapdoor":21,"minecraft:dirt":794,"minecraft:lapis_lazuli":434,"minecraft:name_tag":1,"travelersbackpack:bookshelf":2,"minecraft:bone":9819,"minecraft:bow":276,"minecraft:orange_tulip":1,"minecraft:wheat_seeds":520,"minecraft:deepslate_brick_slab":4,"minecraft:raw_gold":5,"minecraft:bell":5,"minecraft:grindstone":4,"travelersbackpack:bee":5,"minecraft:mossy_stone_bricks":3,"minecraft:oak_planks":616,"minecraft:cooked_porkchop":45,"minecraft:music_disc_13":1,"minecraft:oak_pressure_plate":1,"minecraft:poisonous_potato":9,"minecraft:sand":134,"minecraft:dead_bush":1,"minecraft:grass_block":1344,"minecraft:cyan_bed":8,"minecraft:dark_prismarine_slab":22,"minecraft:spruce_fence_gate":2,"minecraft:sugar":18,"minecraft:diamond":58,"minecraft:polished_blackstone_pressure_plate":2,"minecraft:polished_blackstone_button":3,"minecraft:cracked_polished_blackstone_bricks":47,"magistuarmory:corruptedroundshield":8,"minecraft:crossbow":34,"minecraft:bone_meal":4,"minecraft:spruce_sign":4,"minecraft:emerald":1275,"minecraft:oak_sapling":168,"minecraft:chorus_fruit":21,"minecraft:netherrack":2036,"minecraft:oak_leaves":63,"minecraft:charcoal":3,"minecraft:azure_bluet":2,"minecraft:allium":8,"minecraft:splash_potion":1,"minecraft:ladder":8,"minecraft:rabbit_stew":14,"minecraft:brown_mushroom":40,"minecraft:wooden_pickaxe":7,"minecraft:cooked_rabbit":1,"minecraft:gold_block":83,"minecraft:diamond_horse_armor":1,"minecraft:chain":13,"minecraft:shield":7,"minecraft:oak_trapdoor":19,"minecraft:moss_carpet":2,"minecraft:stone_stairs":3,"minecraft:iron_axe":18,"minecraft:item_frame":2,"takesapillage:ravager_horn":38,"minecraft:blackstone":131,"minecraft:blue_orchid":1,"minecraft:candle":6,"minecraft:echo_shard":2,"minecraft:andesite_stairs":1,"minecraft:oak_boat":4,"magistuarmory:knight_leggings":1,"magistuarmory:knight_boots":1,"minecraft:lectern":72,"minecraft:sugar_cane":34,"minecraft:phantom_membrane":41,"minecraft:spruce_trapdoor":10,"minecraft:raw_iron":249,"fantasyfurniture:venthyr/chandelier":1,"minecraft:bowl":3,"minecraft:polished_blackstone_bricks":103,"magistuarmory:rustedkettlehat":1,"minecraft:stone_button":3,"minecraft:stone_pressure_plate":8,"travelersbackpack:sponge":1,"weaponmaster:wm_broadswordlarge":3,"minecraft:weeping_vines":1,"minecraft:arrow":11416,"minecraft:pumpkin_pie":2,"mutantmonsters:mutant_skeleton_rib":65,"minecraft:saddle":4,"minecraft:skeleton_skull":14,"minecraft:basalt":145,"minecraft:crimson_stem":1,"travelersbackpack:melon":1,"minecraft:glow_ink_sac":2,"minecraft:salmon":1,"minecraft:leather":118,"minecraft:crimson_fungus":1,"minecraft:chainmail_chestplate":4,"minecraft:yellow_bed":26,"minecraft:gunpowder":243,"minecraft:gray_carpet":3,"minecraft:rabbit_hide":1,"minecraft:iron_ingot":14,"travelersbackpack:coal":1,"minecraft:book":447,"minecraft:oak_slab":132,"minecraft:black_candle":3,"minecraft:pumpkin":6,"magistuarmory:rustedchainmail_chestplate":3,"minecraft:stone_brick_slab":10,"minecraft:quartz":24,"minecraft:dandelion":10,"magistuarmory:knight_chestplate":1,"minecraft:raw_iron_block":5,"magistuarmory:pantyhose":3,"minecraft:amethyst_shard":4,"minecraft:soul_torch":15,"minecraft:blast_furnace":14,"minecraft:white_bed":3,"minecraft:spider_eye":114,"minecraft:pumpkin_seeds":8,"magistuarmory:rustedchainmail_helmet":3,"minecraft:music_disc_mall":2,"minecraft:sculk_sensor":4,"magistuarmory:rusted_bastardsword":2,"minecraft:chainmail_leggings":2,"magistuarmory:rustedcrusader_boots":5,"minecraft:iron_helmet":13,"minecraft:cherry_sapling":4,"minecraft:coal":314,"minecraft:sunflower":1},"minecraft:used":{"minecraft:moss_block":1,"minecraft:polished_blackstone":14,"minecraft:ladder":8,"minecraft:chest":72,"travelersbackpack:diamond":1,"minecraft:rotten_flesh":8,"minecraft:allium":2,"fantasyfurniture:dunmer/cushion":4,"magistuarmory:messer_sword":30,"mutantmonsters:mutant_creeper_spawn_egg":2,"minecraft:lava_bucket":17,"minecraft:grass_block":1038,"mutantmonsters:creeper_minion_spawn_egg":1,"weaponmaster:wm_broadsword":158,"minecraft:rabbit_stew":3,"minecraft:bow":133,"minecraft:furnace":12,"mutantmonsters:hulk_hammer":22,"minecraft:oak_sapling":92,"guardvillagers:guard_spawn_egg":1,"minecraft:egg":5,"minecraft:potato":701,"minecraft:mossy_stone_bricks":1,"minecraft:diorite":2,"minecraft:chorus_fruit":1,"weaponmaster:wm_rapierlarge":91,"minecraft:blackstone":62,"minecraft:wooden_pickaxe":3,"minecraft:sand":24,"minecraft:blast_furnace":15,"minecraft:netherite_helmet":3,"mutantmonsters:mutant_skeleton_skull":2,"minecraft:deepslate_tiles":2,"minecraft:crying_obsidian":1,"minecraft:lectern":73,"minecraft:oak_pressure_plate":2,"fantasyfurniture:decorations/potion_bottles":5,"minecraft:diamond_sword":6,"minecraft:wooden_sword":10,"minecraft:smithing_table":9,"minecraft:oak_boat":5,"minecraft:oak_trapdoor":7,"minecraft:polished_blackstone_brick_slab":1,"minecraft:enchanting_table":2,"minecraft:stone_sword":553,"minecraft:netherrack":1063,"minecraft:torch":177,"minecraft:brewing_stand":2,"minecraft:anvil":4,"easy_npc:humanoid_slim_spawn_egg":1,"fantasyfurniture:decorations/royal_platter":48,"minecraft:oak_fence_gate":2,"minecraft:iron_block":4,"minecraft:iron_axe":150,"mutantmonsters:creeper_shard":5,"travelersbackpack:cactus":2,"minecraft:diamond_chestplate":12,"minecraft:basalt":44,"minecraft:cobbled_deepslate":93,"minecraft:water_bucket":117,"mutantmonsters:mutant_skeleton_leggings":1,"minecraft:cherry_planks":83,"travelersbackpack:coal":1,"minecraft:horse_spawn_egg":2,"minecraft:polished_blackstone_bricks":53,"minecraft:oak_slab":314,"minecraft:crafting_table":30,"minecraft:white_bed":6,"minecraft:campfire":1,"minecraft:oak_log":926,"minecraft:diamond_pickaxe":2203,"minecraft:warped_trapdoor":7,"minecraft:diamond_shovel":2062,"travelersbackpack:bookshelf":3,"minecraft:sunflower":1,"minecraft:oak_button":5,"minecraft:iron_pickaxe":488,"minecraft:suspicious_stew":1,"minecraft:spruce_trapdoor":1,"fantasyfurniture:furniture_station":3,"minecraft:cobblestone":2237,"minecraft:potion":6,"travelersbackpack:standard":1,"minecraft:porkchop":5,"minecraft:cooked_porkchop":51,"minecraft:glass_pane":55,"minecraft:jukebox":2,"minecraft:diamond_leggings":2,"minecraft:moss_carpet":2,"travelersbackpack:lapis":3,"minecraft:bell":8,"travelersbackpack:pig":4,"minecraft:tuff":45,"minecraft:obsidian":104,"minecraft:lantern":41,"mutantmonsters:mutant_enderman_spawn_egg":1,"minecraft:stone_bricks":6,"minecraft:hay_block":1,"takesapillage:bastille_blues_music_disc":2,"fantasyfurniture:venthyr/chandelier":2,"travelersbackpack:spider":4,"minecraft:chiseled_polished_blackstone":10,"minecraft:stone_pickaxe":155,"minecraft:gray_carpet":1,"minecraft:oak_planks":1545,"travelersbackpack:iron_golem":3,"fantasyfurniture:nordic/desk_left":1,"minecraft:diamond_axe":3345,"minecraft:blue_bed":6,"minecraft:white_wool":2,"travelersbackpack:bee":4,"minecraft:crossbow":1,"weaponmaster:wm_broadswordlarge":232,"minecraft:lingering_potion":86,"magistuarmory:noble_sword":16,"minecraft:shears":108,"magistuarmory:rustedgreathelm":1,"minecraft:cyan_bed":8,"minecraft:bread":175,"minecraft:string":9,"minecraft:iron_door":4,"minecraft:grindstone":5,"minecraft:andesite":5,"minecraft:bone_meal":1135,"minecraft:cobweb":1,"minecraft:experience_bottle":7,"minecraft:cherry_boat":2,"minecraft:oak_fence":92,"minecraft:flint_and_steel":99,"minecraft:stone_shovel":157,"minecraft:spruce_planks":5,"weaponmaster:workstation":25,"minecraft:cooked_chicken":21,"minecraft:oak_door":20,"minecraft:dirt":115,"minecraft:hopper":3,"minecraft:spruce_stairs":29,"minecraft:granite":7,"minecraft:spruce_fence":1,"minecraft:iron_hoe":872,"minecraft:stone_brick_slab":4,"minecraft:wooden_axe":1,"minecraft:bookshelf":16,"minecraft:oak_stairs":432,"minecraft:polished_blackstone_brick_stairs":34,"travelersbackpack:sponge":2,"minecraft:netherite_pickaxe":9317,"travelersbackpack:cake":3,"minecraft:pumpkin":1,"minecraft:enchanted_golden_apple":13,"fantasyfurniture:bone/wither/stool":1,"minecraft:cobblestone_stairs":3,"minecraft:glass_bottle":6,"minecraft:baked_potato":299,"minecraft:brown_mushroom":4,"minecraft:vindicator_spawn_egg":30,"minecraft:cobblestone_slab":8,"magistuarmory:iron_target":69,"minecraft:smoker":3,"minecraft:apple":9,"minecraft:cracked_polished_blackstone_bricks":33,"minecraft:stone_axe":409,"minecraft:white_banner":6,"minecraft:bucket":139,"fantasyfurniture:decorations/coin_stack_gold":1,"minecraft:yellow_bed":27,"minecraft:pumpkin_pie":2,"takesapillage:ravager_horn":20,"minecraft:smooth_stone":12,"minecraft:splash_potion":6},"minecraft:broken":{"mutantmonsters:mutant_skeleton_chestplate":1,"minecraft:iron_boots":1,"takesapillage:ravager_horn":11,"minecraft:iron_hoe":3,"minecraft:stone_sword":3,"minecraft:diamond_leggings":1,"minecraft:iron_pickaxe":2,"minecraft:iron_helmet":1,"mutantmonsters:mutant_skeleton_skull":1,"minecraft:stone_pickaxe":1,"minecraft:stone_axe":3,"minecraft:wooden_axe":1,"magistuarmory:rustedhalfarmor_chestplate":1,"minecraft:diamond_chestplate":1,"magistuarmory:crusader_boots":1},"minecraft:mined":{"minecraft:dark_prismarine_stairs":1,"minecraft:white_bed":3,"minecraft:cherry_log":46,"minecraft:obsidian":173,"minecraft:warped_stairs":8,"minecraft:potted_dead_bush":1,"minecraft:granite":27,"minecraft:chiseled_polished_blackstone":12,"minecraft:stone_brick_wall":2,"minecraft:deepslate_bricks":25,"minecraft:coal_block":46,"minecraft:deepslate_tile_stairs":1,"minecraft:green_concrete":1,"minecraft:hopper":3,"minecraft:oxeye_daisy":1,"minecraft:nether_wart":24,"minecraft:chiseled_stone_bricks":1,"minecraft:spawner":2,"minecraft:polished_blackstone_bricks":219,"minecraft:weeping_vines_plant":1,"minecraft:magma_block":4,"minecraft:cobbled_deepslate":27,"minecraft:barrel":5,"minecraft:fire":86,"minecraft:pumpkin":6,"minecraft:moss_carpet":1,"minecraft:deepslate_lapis_ore":17,"minecraft:enchanting_table":1,"minecraft:sculk_shrieker":2,"minecraft:dirt_path":7,"minecraft:oak_stairs":156,"minecraft:deepslate_brick_stairs":4,"weaponmaster:workstation":8,"minecraft:pink_tulip":2,"minecraft:iron_block":4,"minecraft:white_banner":1,"minecraft:tripwire":1,"minecraft:kelp_plant":1,"minecraft:smoker":3,"minecraft:deepslate_brick_wall":2,"minecraft:crimson_nylium":96,"minecraft:soul_fire":4,"minecraft:powder_snow":8,"minecraft:torch":11,"minecraft:blast_furnace":14,"minecraft:oxidized_copper":3,"minecraft:white_candle":4,"minecraft:cyan_bed":10,"minecraft:sugar_cane":19,"minecraft:skeleton_skull":5,"minecraft:polished_diorite_stairs":1,"minecraft:chain":13,"mutantmonsters:mutant_skeleton_skull":2,"minecraft:wheat":29,"minecraft:stone_brick_stairs":15,"minecraft:grass":566,"minecraft:deepslate":412,"minecraft:suspicious_gravel":2,"minecraft:warped_door":1,"minecraft:dark_oak_fence":3,"minecraft:spruce_fence":11,"minecraft:crimson_roots":5,"minecraft:redstone_wire":4,"minecraft:moss_block":2,"minecraft:redstone_ore":6,"minecraft:andesite":39,"minecraft:potatoes":528,"minecraft:cobblestone_slab":6,"minecraft:vine":6,"minecraft:warped_trapdoor":16,"minecraft:white_wool":8,"minecraft:smithing_table":8,"minecraft:oak_slab":120,"minecraft:glass_pane":8,"minecraft:stone_brick_slab":11,"minecraft:dandelion":9,"minecraft:polished_blackstone_brick_wall":8,"minecraft:cornflower":1,"minecraft:emerald_ore":1,"minecraft:copper_ore":11,"minecraft:tall_grass":120,"minecraft:deepslate_gold_ore":3,"minecraft:cracked_deepslate_bricks":1,"minecraft:diorite":80,"minecraft:white_carpet":1,"minecraft:birch_leaves":3,"minecraft:dark_prismarine_slab":44,"minecraft:sunflower":2,"minecraft:gravel":69,"minecraft:cobweb":39,"minecraft:spruce_fence_gate":2,"minecraft:polished_blackstone":44,"minecraft:stone_bricks":165,"minecraft:spruce_planks":20,"minecraft:oak_sapling":5,"minecraft:andesite_stairs":6,"minecraft:sculk_vein":44,"minecraft:cobblestone_stairs":5,"minecraft:potted_blue_orchid":1,"minecraft:brewing_stand":1,"minecraft:spruce_trapdoor":10,"minecraft:grass_block":1553,"minecraft:cracked_polished_blackstone_bricks":103,"minecraft:polished_blackstone_brick_slab":20,"minecraft:composter":3,"minecraft:gilded_blackstone":34,"minecraft:smooth_stone":1,"minecraft:raw_iron_block":5,"minecraft:sculk_catalyst":2,"minecraft:glowstone":6,"minecraft:iron_ore":61,"minecraft:anvil":2,"minecraft:azure_bluet":2,"minecraft:red_tulip":2,"minecraft:iron_bars":2,"minecraft:black_candle":1,"minecraft:spruce_slab":13,"minecraft:deepslate_redstone_ore":7,"minecraft:polished_blackstone_wall":4,"minecraft:blackstone":236,"minecraft:clay":7,"minecraft:calcite":1,"minecraft:chest":14,"minecraft:mushroom_stem":9,"minecraft:nether_quartz_ore":28,"minecraft:cobblestone":823,"minecraft:grindstone":4,"minecraft:oak_planks":405,"minecraft:iron_door":3,"minecraft:wall_torch":21,"minecraft:cauldron":1,"minecraft:pink_petals":2,"minecraft:stone_stairs":3,"minecraft:birch_log":4,"minecraft:yellow_wool":9,"minecraft:orange_tulip":1,"minecraft:smooth_stone_slab":2,"minecraft:oak_log":1822,"minecraft:sand":151,"minecraft:dirt":383,"minecraft:ancient_debris":10,"minecraft:netherrack":3896,"minecraft:oak_leaves":673,"minecraft:nether_gold_ore":6,"minecraft:crying_obsidian":2,"minecraft:diamond_ore":3,"minecraft:tuff":261,"minecraft:deepslate_diamond_ore":33,"minecraft:candle":3,"minecraft:oak_door":10,"minecraft:weeping_vines":2,"minecraft:white_stained_glass":1,"minecraft:brown_mushroom_block":90,"minecraft:spruce_leaves":19,"minecraft:sandstone":2,"minecraft:crimson_stem":1,"minecraft:hay_block":96,"minecraft:deepslate_brick_slab":4,"minecraft:oak_trapdoor":18,"minecraft:furnace":18,"minecraft:gold_block":84,"minecraft:bell":4,"minecraft:bookshelf":103,"minecraft:deepslate_iron_ore":127,"minecraft:lantern":6,"minecraft:stripped_oak_log":21,"minecraft:white_tulip":1,"minecraft:stone":3838,"minecraft:basalt":118,"minecraft:oak_fence":19,"minecraft:crafting_table":12,"minecraft:rose_bush":3,"minecraft:sculk_sensor":6,"minecraft:lectern":72,"minecraft:lapis_ore":12,"minecraft:polished_blackstone_brick_stairs":72,"minecraft:sculk":718,"minecraft:blue_bed":1,"minecraft:spruce_stairs":40,"minecraft:gray_wool":2,"minecraft:polished_blackstone_slab":1,"minecraft:bee_nest":5,"minecraft:yellow_bed":26,"minecraft:coal_ore":112,"minecraft:cherry_leaves":6,"minecraft:gray_carpet":2,"minecraft:polished_andesite":2,"minecraft:mossy_stone_bricks":4,"minecraft:warped_slab":51},"minecraft:killed":{"guardvillagers:guard":1,"minecraft:cave_spider":4,"weaponmaster:ability_skeleton_grenade_skeletons":76,"minecraft:skeleton":11778,"minecraft:chicken":13,"minecraft:skeleton_horse":4,"minecraft:magma_cube":8,"minecraft:iron_golem":1,"mutantmonsters:mutant_skeleton":15,"minecraft:pillager":244,"minecraft:zombie":446,"mutantmonsters:mutant_creeper":4,"takesapillage:archer":86,"minecraft:cow":41,"minecraft:evoker":30,"minecraft:vindicator":162,"minecraft:horse":24,"minecraft:warden":1,"minecraft:rabbit":2,"minecraft:wandering_trader":3,"minecraft:ravager":34,"mutantmonsters:creeper_minion":6,"minecraft:enderman":21,"minecraft:zombified_piglin":40,"minecraft:witch":45,"minecraft:spider":170,"minecraft:bee":4,"minecraft:piglin_brute":31,"minecraft:wolf":2,"minecraft:piglin":63,"minecraft:pig":24,"minecraft:zombie_villager":6,"minecraft:creeper":160,"minecraft:sheep":29,"minecraft:trader_llama":8,"minecraft:ghast":1,"minecraft:blaze":11,"minecraft:vex":47,"takesapillage:legioner":45,"minecraft:slime":13,"minecraft:phantom":27,"takesapillage:clay_golem":3,"takesapillage:skirmisher":45,"minecraft:hoglin":16,"mutantmonsters:mutant_enderman":2,"mutantmonsters:mutant_zombie":10,"minecraft:villager":3}},"DataVersion":3463}