{"stats":{"minecraft:mined":{"minecraft:white_bed":2,"minecraft:cherry_log":46,"minecraft:obsidian":131,"minecraft:potted_dead_bush":1,"minecraft:granite":23,"minecraft:chiseled_polished_blackstone":12,"minecraft:coal_block":46,"minecraft:deepslate_bricks":25,"minecraft:deepslate_tile_stairs":1,"minecraft:green_concrete":1,"minecraft:hopper":3,"minecraft:oxeye_daisy":1,"minecraft:nether_wart":24,"minecraft:chiseled_stone_bricks":1,"minecraft:spawner":1,"minecraft:polished_blackstone_bricks":219,"minecraft:weeping_vines_plant":1,"minecraft:magma_block":4,"minecraft:cobbled_deepslate":26,"minecraft:barrel":1,"minecraft:fire":77,"minecraft:pumpkin":6,"minecraft:deepslate_lapis_ore":17,"minecraft:enchanting_table":1,"minecraft:sculk_shrieker":2,"minecraft:dirt_path":7,"minecraft:oak_stairs":94,"weaponmaster:workstation":4,"minecraft:deepslate_brick_stairs":4,"minecraft:pink_tulip":2,"minecraft:iron_block":4,"minecraft:white_banner":1,"minecraft:kelp_plant":1,"minecraft:smoker":1,"minecraft:deepslate_brick_wall":2,"minecraft:crimson_nylium":96,"minecraft:soul_fire":4,"minecraft:powder_snow":8,"minecraft:torch":9,"minecraft:blast_furnace":11,"minecraft:oxidized_copper":3,"minecraft:white_candle":4,"minecraft:cyan_bed":9,"minecraft:sugar_cane":19,"minecraft:skeleton_skull":4,"minecraft:chain":13,"mutantmonsters:mutant_skeleton_skull":1,"minecraft:wheat":29,"minecraft:stone_brick_stairs":10,"minecraft:grass":422,"minecraft:deepslate":292,"minecraft:suspicious_gravel":2,"minecraft:warped_door":1,"minecraft:dark_oak_fence":3,"minecraft:spruce_fence":11,"minecraft:crimson_roots":5,"minecraft:redstone_wire":3,"minecraft:moss_block":2,"minecraft:redstone_ore":6,"minecraft:andesite":24,"minecraft:potatoes":528,"minecraft:cobblestone_slab":6,"minecraft:vine":6,"minecraft:warped_trapdoor":15,"minecraft:white_wool":8,"minecraft:smithing_table":7,"minecraft:oak_slab":112,"minecraft:glass_pane":7,"minecraft:stone_brick_slab":11,"minecraft:dandelion":7,"minecraft:polished_blackstone_brick_wall":8,"minecraft:cornflower":1,"minecraft:emerald_ore":1,"minecraft:tall_grass":99,"minecraft:copper_ore":9,"minecraft:deepslate_gold_ore":3,"minecraft:cracked_deepslate_bricks":1,"minecraft:diorite":47,"minecraft:white_carpet":1,"minecraft:birch_leaves":2,"minecraft:sunflower":2,"minecraft:gravel":51,"minecraft:cobweb":39,"minecraft:spruce_fence_gate":2,"minecraft:polished_blackstone":44,"minecraft:stone_bricks":15,"minecraft:spruce_planks":20,"minecraft:oak_sapling":5,"minecraft:andesite_stairs":1,"minecraft:sculk_vein":43,"minecraft:potted_blue_orchid":1,"minecraft:brewing_stand":1,"minecraft:spruce_trapdoor":10,"minecraft:grass_block":1457,"minecraft:cracked_polished_blackstone_bricks":101,"minecraft:polished_blackstone_brick_slab":20,"minecraft:composter":3,"minecraft:gilded_blackstone":34,"minecraft:smooth_stone":1,"minecraft:raw_iron_block":5,"minecraft:sculk_catalyst":2,"minecraft:glowstone":6,"minecraft:iron_ore":59,"minecraft:anvil":2,"minecraft:azure_bluet":2,"minecraft:red_tulip":1,"minecraft:iron_bars":2,"minecraft:black_candle":1,"minecraft:spruce_slab":13,"minecraft:deepslate_redstone_ore":7,"minecraft:polished_blackstone_wall":4,"minecraft:blackstone":236,"minecraft:clay":7,"minecraft:chest":14,"minecraft:mushroom_stem":9,"minecraft:nether_quartz_ore":28,"minecraft:cobblestone":321,"minecraft:oak_planks":215,"minecraft:grindstone":2,"minecraft:iron_door":1,"minecraft:wall_torch":18,"minecraft:cauldron":1,"minecraft:pink_petals":2,"minecraft:birch_log":4,"minecraft:yellow_wool":9,"minecraft:orange_tulip":1,"minecraft:smooth_stone_slab":2,"minecraft:oak_log":1343,"minecraft:sand":151,"minecraft:dirt":200,"minecraft:ancient_debris":8,"minecraft:netherrack":1302,"minecraft:oak_leaves":516,"minecraft:nether_gold_ore":6,"minecraft:crying_obsidian":2,"minecraft:diamond_ore":3,"minecraft:tuff":253,"minecraft:deepslate_diamond_ore":32,"minecraft:candle":3,"minecraft:oak_door":10,"minecraft:weeping_vines":2,"minecraft:white_stained_glass":1,"minecraft:brown_mushroom_block":90,"minecraft:spruce_leaves":19,"minecraft:sandstone":2,"minecraft:crimson_stem":1,"minecraft:hay_block":96,"minecraft:deepslate_brick_slab":4,"minecraft:oak_trapdoor":18,"minecraft:furnace":18,"minecraft:gold_block":84,"minecraft:bell":4,"minecraft:bookshelf":103,"minecraft:deepslate_iron_ore":124,"minecraft:lantern":2,"minecraft:stripped_oak_log":20,"minecraft:white_tulip":1,"minecraft:stone":1827,"minecraft:basalt":104,"minecraft:oak_fence":7,"minecraft:crafting_table":6,"minecraft:rose_bush":3,"minecraft:sculk_sensor":6,"minecraft:lectern":52,"minecraft:lapis_ore":12,"minecraft:polished_blackstone_brick_stairs":72,"minecraft:sculk":715,"minecraft:blue_bed":1,"minecraft:spruce_stairs":40,"minecraft:gray_wool":2,"minecraft:polished_blackstone_slab":1,"minecraft:bee_nest":4,"minecraft:yellow_bed":17,"minecraft:coal_ore":112,"minecraft:cherry_leaves":6,"minecraft:gray_carpet":2,"minecraft:polished_andesite":2,"minecraft:mossy_stone_bricks":4},"minecraft:killed":{"minecraft:cave_spider":4,"weaponmaster:ability_skeleton_grenade_skeletons":53,"minecraft:skeleton":11736,"minecraft:chicken":13,"minecraft:skeleton_horse":4,"minecraft:magma_cube":8,"minecraft:iron_golem":1,"mutantmonsters:mutant_skeleton":13,"minecraft:pillager":93,"minecraft:zombie":384,"mutantmonsters:mutant_creeper":4,"takesapillage:archer":17,"minecraft:cow":34,"minecraft:vindicator":47,"minecraft:horse":24,"minecraft:warden":1,"minecraft:rabbit":2,"minecraft:wandering_trader":3,"minecraft:ravager":5,"mutantmonsters:creeper_minion":6,"minecraft:enderman":19,"minecraft:zombified_piglin":40,"minecraft:witch":12,"minecraft:spider":151,"minecraft:bee":1,"minecraft:piglin_brute":31,"minecraft:wolf":2,"minecraft:piglin":62,"minecraft:pig":24,"minecraft:zombie_villager":6,"minecraft:creeper":135,"minecraft:sheep":29,"minecraft:trader_llama":8,"minecraft:ghast":1,"minecraft:blaze":11,"takesapillage:legioner":4,"minecraft:slime":13,"minecraft:phantom":27,"takesapillage:clay_golem":2,"takesapillage:skirmisher":10,"minecraft:hoglin":15,"mutantmonsters:mutant_enderman":1,"mutantmonsters:mutant_zombie":8,"minecraft:villager":3},"minecraft:custom":{"minecraft:interact_with_crafting_table":162,"minecraft:open_barrel":40,"minecraft:bell_ring":29,"minecraft:eat_cake_slice":7,"minecraft:leave_game":49,"minecraft:time_since_death":914028,"minecraft:damage_blocked_by_shield":1835,"minecraft:play_time":2324290,"minecraft:deaths":7,"minecraft:jump":27982,"minecraft:enchant_item":60,"minecraft:interact_with_furnace":113,"minecraft:play_record":2,"minecraft:traded_with_villager":77,"minecraft:sleep_in_bed":19,"minecraft:damage_dealt":47235,"minecraft:interact_with_smoker":3,"minecraft:horse_one_cm":983866,"minecraft:interact_with_smithing_table":14,"minecraft:interact_with_anvil":12,"minecraft:inspect_hopper":44,"minecraft:target_hit":1,"minecraft:sneak_time":97328,"minecraft:interact_with_blast_furnace":4,"minecraft:total_world_time":2324290,"minecraft:time_since_rest":25513,"minecraft:swim_one_cm":225883,"minecraft:fly_one_cm":8706117,"minecraft:open_chest":1780,"minecraft:fall_one_cm":922032,"minecraft:damage_resisted":11482,"minecraft:sprint_one_cm":5243114,"minecraft:drop":2087,"minecraft:talked_to_villager":405,"minecraft:interact_with_brewingstand":7,"minecraft:walk_on_water_one_cm":112293,"minecraft:player_kills":8,"minecraft:crouch_one_cm":447631,"minecraft:mob_kills":13223,"minecraft:climb_one_cm":107495,"minecraft:walk_one_cm":3818072,"minecraft:raid_win":4,"minecraft:walk_under_water_one_cm":95943,"minecraft:boat_one_cm":328725,"minecraft:raid_trigger":6,"minecraft:interact_with_grindstone":23,"minecraft:damage_taken":24391,"minecraft:damage_absorbed":2761},"minecraft:dropped":{"minecraft:porkchop":10,"minecraft:lapis_lazuli":64,"minecraft:chorus_fruit":3,"minecraft:glass_bottle":9,"minecraft:orange_tulip":1,"minecraft:crossbow":6,"minecraft:saddle":1,"weaponmaster:wm_broadsword":1,"mutantmonsters:mutant_skeleton_shoulder_pad":2,"minecraft:emerald":9,"minecraft:gold_block":1,"minecraft:dirt":50,"minecraft:dark_oak_fence":1,"minecraft:gold_nugget":88,"minecraft:phantom_membrane":5,"magistuarmory:corruptedroundshield":1,"minecraft:white_wool":3,"minecraft:bone":19846,"minecraft:golden_chestplate":1,"minecraft:cobbled_deepslate":52,"minecraft:rotten_flesh":218,"minecraft:oak_planks":3,"minecraft:echo_shard":1,"weaponmaster:weaponkit":3,"minecraft:ladder":4,"minecraft:glass":12,"minecraft:beef":33,"minecraft:stone_brick_stairs":1,"minecraft:enchanted_book":6,"minecraft:iron_ingot":1,"minecraft:wheat_seeds":45,"minecraft:feather":1,"minecraft:iron_helmet":9,"minecraft:cobblestone":102,"minecraft:polished_blackstone_button":2,"minecraft:chainmail_helmet":6,"minecraft:warped_trapdoor":3,"magistuarmory:rustedcrusader_boots":1,"minecraft:oxeye_daisy":1,"minecraft:sculk":5,"minecraft:wooden_axe":1,"magistuarmory:rustedbarbute":1,"minecraft:smooth_stone":1,"minecraft:chainmail_leggings":2,"minecraft:string":61,"minecraft:gray_carpet":1,"magistuarmory:pantyhose":2,"minecraft:bowl":1,"minecraft:stone_shovel":1,"minecraft:experience_bottle":1,"minecraft:clay_ball":5,"minecraft:shears":1,"minecraft:pumpkin_seeds":1,"minecraft:potato":1050,"takesapillage:ravager_horn":2,"minecraft:flower_pot":1,"minecraft:allium":2,"mutantmonsters:mutant_skeleton_limb":7,"minecraft:spider_eye":24,"minecraft:sandstone":5,"minecraft:bow":624,"weaponmaster:wm_rapierlarge":1,"mutantmonsters:mutant_skeleton_skull":2,"mutantmonsters:mutant_skeleton_rib":2,"minecraft:oak_log":10,"minecraft:baked_potato":86,"travelersbackpack:bee":2,"minecraft:lantern":1,"minecraft:leather":21,"minecraft:flint":1,"minecraft:cracked_polished_blackstone_bricks":1,"minecraft:polished_blackstone_brick_stairs":22,"minecraft:cornflower":1,"minecraft:mutton":1,"minecraft:birch_log":3,"minecraft:gold_ingot":20,"minecraft:gravel":5,"travelersbackpack:ocelot":1,"mutantmonsters:mutant_skeleton_pelvis":1,"minecraft:beetroot":2,"travelersbackpack:pig":2,"minecraft:carrot":2,"minecraft:chainmail_chestplate":14,"minecraft:gunpowder":20,"minecraft:skeleton_skull":1,"minecraft:melon_seeds":4,"minecraft:chest":4,"minecraft:chainmail_boots":2,"magistuarmory:rustedchainmail_chestplate":1,"minecraft:basalt":1,"minecraft:arrow":29608,"minecraft:quartz":1,"minecraft:netherrack":66,"minecraft:oak_slab":3,"minecraft:golden_helmet":5,"weaponmaster:tutorialbook":1,"minecraft:spruce_stairs":1,"minecraft:grass_block":1,"minecraft:stick":16,"minecraft:zombie_head":2,"minecraft:iron_leggings":6,"minecraft:bucket":1,"minecraft:dandelion":2,"minecraft:redstone":9,"minecraft:kelp":1,"minecraft:oak_trapdoor":2,"minecraft:raw_copper":44,"minecraft:tuff":7,"minecraft:sculk_sensor":4,"magistuarmory:rustedhalfarmor_chestplate":3,"weaponmaster:wm_broadswordlarge":1,"minecraft:filled_map":1,"minecraft:shield":2,"minecraft:andesite":5,"minecraft:mossy_stone_bricks":2,"minecraft:golden_leggings":4,"minecraft:oak_sapling":6,"minecraft:wooden_pickaxe":6,"fantasyfurniture:venthyr/chandelier":1},"minecraft:used":{"minecraft:moss_block":1,"minecraft:polished_blackstone":14,"minecraft:ladder":8,"minecraft:chest":40,"travelersbackpack:diamond":1,"minecraft:rotten_flesh":8,"fantasyfurniture:dunmer/cushion":4,"magistuarmory:messer_sword":30,"mutantmonsters:mutant_creeper_spawn_egg":2,"minecraft:lava_bucket":16,"minecraft:grass_block":938,"mutantmonsters:creeper_minion_spawn_egg":1,"weaponmaster:wm_broadsword":122,"minecraft:bow":133,"mutantmonsters:hulk_hammer":20,"guardvillagers:guard_spawn_egg":1,"minecraft:oak_sapling":92,"minecraft:furnace":12,"minecraft:egg":4,"minecraft:potato":701,"minecraft:mossy_stone_bricks":1,"minecraft:diorite":2,"weaponmaster:wm_rapierlarge":72,"minecraft:blackstone":62,"minecraft:wooden_pickaxe":3,"minecraft:sand":24,"minecraft:blast_furnace":11,"minecraft:netherite_helmet":3,"mutantmonsters:mutant_skeleton_skull":1,"minecraft:crying_obsidian":1,"minecraft:lectern":52,"minecraft:oak_pressure_plate":2,"fantasyfurniture:decorations/potion_bottles":5,"minecraft:wooden_sword":10,"minecraft:smithing_table":7,"minecraft:oak_boat":2,"minecraft:oak_trapdoor":7,"minecraft:polished_blackstone_brick_slab":1,"minecraft:enchanting_table":2,"minecraft:stone_sword":553,"minecraft:netherrack":758,"minecraft:torch":111,"minecraft:brewing_stand":1,"minecraft:anvil":3,"easy_npc:humanoid_slim_spawn_egg":1,"fantasyfurniture:decorations/royal_platter":48,"minecraft:iron_block":4,"minecraft:iron_axe":141,"mutantmonsters:creeper_shard":5,"travelersbackpack:cactus":2,"minecraft:diamond_chestplate":12,"minecraft:basalt":30,"minecraft:cobbled_deepslate":91,"minecraft:water_bucket":117,"minecraft:cherry_planks":83,"travelersbackpack:coal":1,"minecraft:horse_spawn_egg":2,"minecraft:polished_blackstone_bricks":53,"minecraft:oak_slab":285,"minecraft:crafting_table":20,"minecraft:white_bed":3,"minecraft:campfire":1,"minecraft:oak_log":605,"minecraft:diamond_pickaxe":2203,"minecraft:warped_trapdoor":7,"minecraft:diamond_shovel":1881,"minecraft:sunflower":1,"travelersbackpack:bookshelf":3,"minecraft:suspicious_stew":1,"minecraft:oak_button":3,"minecraft:iron_pickaxe":488,"minecraft:spruce_trapdoor":1,"fantasyfurniture:furniture_station":3,"minecraft:cobblestone":1113,"minecraft:potion":6,"travelersbackpack:standard":1,"minecraft:cooked_porkchop":22,"minecraft:porkchop":5,"minecraft:glass_pane":46,"minecraft:jukebox":2,"minecraft:diamond_leggings":2,"minecraft:bell":8,"travelersbackpack:pig":4,"minecraft:tuff":40,"minecraft:obsidian":42,"minecraft:lantern":36,"mutantmonsters:mutant_enderman_spawn_egg":1,"minecraft:stone_bricks":6,"minecraft:hay_block":1,"takesapillage:bastille_blues_music_disc":2,"fantasyfurniture:venthyr/chandelier":2,"travelersbackpack:spider":4,"minecraft:chiseled_polished_blackstone":10,"minecraft:gray_carpet":1,"minecraft:stone_pickaxe":155,"minecraft:oak_planks":976,"travelersbackpack:iron_golem":3,"fantasyfurniture:nordic/desk_left":1,"minecraft:blue_bed":6,"minecraft:diamond_axe":2311,"minecraft:white_wool":2,"travelersbackpack:bee":4,"minecraft:crossbow":1,"weaponmaster:wm_broadswordlarge":161,"magistuarmory:noble_sword":16,"minecraft:lingering_potion":86,"minecraft:shears":108,"magistuarmory:rustedgreathelm":1,"minecraft:bread":175,"minecraft:string":4,"minecraft:iron_door":2,"minecraft:grindstone":2,"minecraft:andesite":5,"minecraft:bone_meal":1135,"minecraft:cobweb":1,"minecraft:experience_bottle":7,"minecraft:cherry_boat":2,"minecraft:oak_fence":1,"minecraft:flint_and_steel":93,"minecraft:stone_shovel":157,"minecraft:spruce_planks":5,"weaponmaster:workstation":21,"minecraft:oak_door":19,"minecraft:dirt":101,"minecraft:hopper":3,"minecraft:spruce_stairs":29,"minecraft:spruce_fence":1,"minecraft:granite":7,"minecraft:iron_hoe":872,"minecraft:stone_brick_slab":4,"minecraft:bookshelf":16,"minecraft:oak_stairs":331,"minecraft:polished_blackstone_brick_stairs":34,"minecraft:netherite_pickaxe":3665,"travelersbackpack:cake":3,"minecraft:pumpkin":1,"minecraft:enchanted_golden_apple":13,"fantasyfurniture:bone/wither/stool":1,"minecraft:cobblestone_stairs":1,"minecraft:glass_bottle":3,"minecraft:baked_potato":296,"minecraft:brown_mushroom":4,"minecraft:cobblestone_slab":8,"minecraft:vindicator_spawn_egg":30,"magistuarmory:iron_target":69,"minecraft:apple":9,"minecraft:cracked_polished_blackstone_bricks":33,"minecraft:stone_axe":409,"minecraft:white_banner":3,"minecraft:bucket":138,"fantasyfurniture:decorations/coin_stack_gold":1,"minecraft:yellow_bed":18,"minecraft:pumpkin_pie":2,"takesapillage:ravager_horn":7,"minecraft:smooth_stone":12,"minecraft:splash_potion":3},"minecraft:broken":{"mutantmonsters:mutant_skeleton_chestplate":1,"minecraft:iron_boots":1,"takesapillage:ravager_horn":2,"minecraft:iron_hoe":3,"minecraft:stone_sword":3,"minecraft:diamond_leggings":1,"minecraft:iron_pickaxe":2,"minecraft:iron_helmet":1,"mutantmonsters:mutant_skeleton_skull":1,"minecraft:stone_pickaxe":1,"minecraft:stone_axe":3,"magistuarmory:rustedhalfarmor_chestplate":1,"minecraft:diamond_chestplate":1,"magistuarmory:crusader_boots":1},"minecraft:crafted":{"mutantmonsters:mutant_skeleton_leggings":2,"minecraft:smooth_stone":3,"minecraft:chainmail_helmet":5,"fantasyfurniture:furniture_station":1,"minecraft:blaze_powder":2,"minecraft:oak_pressure_plate":1,"minecraft:diamond_shovel":1,"minecraft:bookshelf":19,"weaponmaster:workstation":2,"minecraft:glass":104,"minecraft:diamond_helmet":3,"minecraft:diamond_leggings":3,"mutantmonsters:mutant_skeleton_boots":2,"minecraft:iron_door":3,"weaponmaster:weaponkit":5,"minecraft:emerald":24,"minecraft:cooked_porkchop":10,"minecraft:diamond_axe":1,"magistuarmory:gazelle_horns_decoration":1,"travelersbackpack:standard":2,"minecraft:smithing_table":1,"travelersbackpack:red_sleeping_bag":1,"minecraft:lectern":3,"minecraft:iron_pickaxe":2,"minecraft:iron_block":10,"minecraft:gold_ingot":54,"minecraft:netherite_ingot":3,"minecraft:stone_shovel":3,"minecraft:iron_nugget":135,"minecraft:yellow_bed":3,"minecraft:bone_meal":5961,"travelersbackpack:blank_upgrade":4,"travelersbackpack:gold_tier_upgrade":1,"minecraft:lantern":16,"minecraft:ladder":12,"minecraft:stone_pickaxe":3,"minecraft:diamond_boots":4,"travelersbackpack:spider":3,"minecraft:wheat":576,"minecraft:netherite_pickaxe":1,"minecraft:enchanting_table":1,"minecraft:blue_bed":5,"minecraft:enchanted_book":5,"minecraft:golden_apple":7,"minecraft:fermented_spider_eye":1,"minecraft:oak_stairs":260,"minecraft:iron_leggings":4,"minecraft:white_bed":8,"minecraft:oak_planks":1988,"minecraft:cobblestone_slab":6,"minecraft:cherry_slab":6,"minecraft:cherry_boat":1,"minecraft:stone":3,"minecraft:cobblestone_stairs":4,"mutantmonsters:mutant_skeleton_arms":2,"minecraft:hopper":1,"minecraft:bow":33,"minecraft:iron_boots":1,"minecraft:chest":28,"minecraft:netherite_helmet":1,"minecraft:oak_button":1,"mutantmonsters:mutant_skeleton_rib_cage":2,"minecraft:oak_slab":228,"travelersbackpack:iron_tier_upgrade":1,"minecraft:crafting_table":19,"minecraft:wooden_pickaxe":1,"minecraft:baked_potato":478,"minecraft:iron_helmet":9,"minecraft:chainmail_chestplate":12,"minecraft:red_wool":2,"minecraft:brewing_stand":1,"minecraft:iron_chestplate":1,"minecraft:diamond_pickaxe":2,"minecraft:shield":1,"minecraft:stick":156,"minecraft:iron_ingot":281,"minecraft:stone_sword":5,"magistuarmory:griffin_decoration":1,"minecraft:shears":2,"minecraft:cherry_planks":184,"minecraft:oak_door":15,"travelersbackpack:netherite_tier_upgrade":1,"minecraft:raw_iron":45,"minecraft:coal":288,"minecraft:blast_furnace":1,"minecraft:oak_trapdoor":4,"minecraft:glass_pane":160,"minecraft:flint_and_steel":1,"mutantmonsters:mutant_skeleton_chestplate":2,"minecraft:leather":4,"minecraft:iron_axe":1,"minecraft:iron_hoe":4,"minecraft:netherite_scrap":10,"travelersbackpack:diamond_tier_upgrade":1,"minecraft:sugar":1,"minecraft:red_dye":2,"minecraft:bone_block":491,"minecraft:crimson_planks":4,"minecraft:diamond_sword":1,"travelersbackpack:backpack_tank":4,"minecraft:bell":6,"minecraft:bucket":7,"minecraft:stone_axe":4,"minecraft:bread":108,"minecraft:air":0,"minecraft:blue_dye":5,"minecraft:oak_boat":2,"minecraft:white_wool":7,"minecraft:anvil":2,"minecraft:torch":292,"minecraft:diamond_chestplate":4},"minecraft:picked_up":{"minecraft:wooden_axe":1,"minecraft:chainmail_boots":2,"minecraft:flower_pot":2,"minecraft:anvil":5,"weaponmaster:wm_rapierlarge":1,"minecraft:smithing_table":7,"minecraft:lead":7,"minecraft:diamond_sword":1,"minecraft:oak_stairs":92,"minecraft:enchanted_book":7,"minecraft:brewing_stand":1,"minecraft:golden_sword":1,"minecraft:polished_blackstone_brick_stairs":56,"minecraft:string":152,"minecraft:beetroot":2,"minecraft:cherry_boat":2,"minecraft:diamond_leggings":4,"minecraft:gold_nugget":282,"minecraft:cobbled_deepslate":271,"minecraft:spruce_planks":20,"minecraft:enchanted_golden_apple":62,"minecraft:coal_block":46,"minecraft:golden_helmet":12,"minecraft:polished_blackstone_brick_slab":5,"minecraft:composter":2,"minecraft:cherry_log":46,"magistuarmory:rustedcrusader_chestplate":1,"minecraft:golden_chestplate":2,"minecraft:warped_door":1,"minecraft:rabbit_foot":1,"mutantmonsters:mutant_skeleton_pelvis":11,"travelersbackpack:iron":1,"minecraft:iron_block":4,"minecraft:blaze_rod":22,"takesapillage:bastille_blues_music_disc":2,"minecraft:iron_bars":2,"minecraft:birch_log":3,"minecraft:magma_block":1,"minecraft:feather":1,"minecraft:oxidized_copper":1,"magistuarmory:rustedchainmail_boots":1,"minecraft:iron_door":1,"minecraft:water_bucket":2,"minecraft:smoker":1,"minecraft:flint":2,"travelersbackpack:ocelot":1,"minecraft:lantern":23,"minecraft:rabbit":3,"minecraft:glowstone_dust":23,"minecraft:moss_block":2,"minecraft:chiseled_polished_blackstone":10,"fantasyfurniture:decorations/royal_platter":47,"minecraft:iron_hoe":1,"minecraft:polished_andesite":1,"minecraft:white_candle":13,"minecraft:green_concrete":1,"weaponmaster:workstation":4,"minecraft:granite":23,"minecraft:chainmail_helmet":2,"minecraft:golden_horse_armor":1,"minecraft:bread":3,"minecraft:dark_oak_fence":1,"minecraft:crimson_roots":11,"minecraft:diamond_pickaxe":2,"minecraft:crafting_table":5,"minecraft:bee_nest":3,"minecraft:nether_wart":23,"minecraft:clay_ball":55,"minecraft:cornflower":2,"travelersbackpack:pig":2,"minecraft:beef":50,"minecraft:poppy":1,"minecraft:spruce_slab":13,"minecraft:chest":16,"minecraft:egg":12,"minecraft:sandstone":6,"minecraft:oak_door":12,"magistuarmory:rustedbarbute":1,"travelersbackpack:cactus":3,"minecraft:spruce_fence":11,"minecraft:carrot":10,"minecraft:redstone":43,"mutantmonsters:creeper_shard":1,"travelersbackpack:snow":1,"minecraft:stone_shovel":1,"weaponmaster:wm_broadsword":1,"minecraft:shears":1,"minecraft:deepslate_bricks":19,"minecraft:hay_block":96,"minecraft:gold_ingot":28,"minecraft:polished_blackstone":17,"minecraft:glow_berries":20,"minecraft:mutton":13,"minecraft:white_wool":25,"minecraft:oxeye_daisy":2,"minecraft:stripped_oak_log":20,"magistuarmory:rustedhalfarmor_chestplate":4,"magistuarmory:armet":1,"minecraft:filled_map":1,"mutantmonsters:mutant_skeleton_chestplate":2,"minecraft:oak_log":1314,"magistuarmory:noble_sword":1,"minecraft:ancient_debris":8,"mutantmonsters:mutant_skeleton_limb":89,"minecraft:blue_bed":1,"travelersbackpack:sheep":2,"minecraft:white_banner":22,"minecraft:apple":17,"minecraft:stone_bricks":13,"travelersbackpack:cake":1,"minecraft:kelp":1,"minecraft:cobweb":37,"weaponmaster:tutorialbook":2,"minecraft:glass_bottle":7,"minecraft:iron_sword":3,"minecraft:gravel":44,"magistuarmory:rustednorman_helmet":1,"magistuarmory:rustedchainmail_leggings":4,"minecraft:crying_obsidian":2,"minecraft:leather_helmet":1,"travelersbackpack:standard":1,"minecraft:slime_ball":22,"minecraft:diamond_axe":2,"minecraft:polished_blackstone_brick_wall":4,"minecraft:oak_button":2,"minecraft:baked_potato":124,"minecraft:melon_seeds":4,"minecraft:hopper":3,"minecraft:ender_pearl":5,"minecraft:wheat":142,"minecraft:yellow_wool":9,"minecraft:potion":4,"minecraft:stone_brick_stairs":10,"travelersbackpack:spider":1,"mutantmonsters:mutant_skeleton_skull":14,"minecraft:raw_copper":69,"travelersbackpack:diamond":1,"minecraft:iron_leggings":7,"minecraft:armor_stand":10,"minecraft:zombie_head":3,"minecraft:experience_bottle":6,"minecraft:smooth_stone":1,"minecraft:white_tulip":1,"minecraft:rose_bush":1,"minecraft:cobblestone_slab":13,"minecraft:ender_eye":3,"minecraft:iron_boots":2,"minecraft:furnace":18,"minecraft:stick":84,"minecraft:deepslate_brick_wall":2,"minecraft:oak_fence":7,"weaponmaster:weaponkit":2,"minecraft:torch":30,"minecraft:spruce_stairs":45,"minecraft:porkchop":62,"minecraft:diorite":91,"mutantmonsters:hulk_hammer":7,"minecraft:rotten_flesh":502,"mutantmonsters:mutant_skeleton_shoulder_pad":22,"minecraft:deepslate_brick_stairs":4,"minecraft:obsidian":124,"minecraft:cobblestone":2332,"minecraft:enchanting_table":1,"minecraft:pink_petals":2,"minecraft:magma_cream":2,"minecraft:andesite":24,"minecraft:golden_leggings":4,"minecraft:potato":2937,"minecraft:tuff":128,"minecraft:warped_trapdoor":21,"minecraft:dirt":334,"minecraft:lapis_lazuli":371,"minecraft:name_tag":1,"travelersbackpack:bookshelf":2,"minecraft:bone":9771,"minecraft:bow":266,"minecraft:orange_tulip":1,"minecraft:wheat_seeds":472,"minecraft:deepslate_brick_slab":4,"minecraft:raw_gold":5,"minecraft:bell":5,"minecraft:grindstone":2,"travelersbackpack:bee":5,"minecraft:mossy_stone_bricks":3,"minecraft:oak_planks":430,"minecraft:cooked_porkchop":17,"minecraft:oak_pressure_plate":1,"minecraft:poisonous_potato":9,"minecraft:sand":134,"minecraft:dead_bush":1,"minecraft:grass_block":1342,"minecraft:cyan_bed":7,"minecraft:spruce_fence_gate":2,"minecraft:diamond":57,"minecraft:polished_blackstone_pressure_plate":2,"minecraft:polished_blackstone_button":3,"minecraft:cracked_polished_blackstone_bricks":45,"magistuarmory:corruptedroundshield":1,"minecraft:crossbow":12,"minecraft:bone_meal":4,"minecraft:spruce_sign":4,"minecraft:emerald":306,"minecraft:oak_sapling":125,"minecraft:chorus_fruit":20,"minecraft:netherrack":933,"minecraft:oak_leaves":50,"minecraft:charcoal":3,"minecraft:azure_bluet":2,"minecraft:allium":6,"minecraft:splash_potion":1,"minecraft:ladder":8,"minecraft:brown_mushroom":23,"minecraft:wooden_pickaxe":7,"minecraft:gold_block":83,"minecraft:diamond_horse_armor":1,"minecraft:chain":13,"minecraft:shield":1,"minecraft:oak_trapdoor":19,"minecraft:iron_axe":7,"minecraft:item_frame":2,"minecraft:blackstone":131,"takesapillage:ravager_horn":6,"minecraft:blue_orchid":1,"minecraft:candle":6,"minecraft:echo_shard":2,"minecraft:andesite_stairs":1,"minecraft:oak_boat":2,"magistuarmory:knight_leggings":1,"magistuarmory:knight_boots":1,"minecraft:lectern":52,"minecraft:sugar_cane":34,"minecraft:phantom_membrane":41,"minecraft:spruce_trapdoor":10,"minecraft:raw_iron":249,"fantasyfurniture:venthyr/chandelier":1,"minecraft:polished_blackstone_bricks":103,"minecraft:stone_button":3,"minecraft:stone_pressure_plate":8,"weaponmaster:wm_broadswordlarge":2,"minecraft:weeping_vines":1,"minecraft:arrow":10699,"minecraft:pumpkin_pie":2,"mutantmonsters:mutant_skeleton_rib":61,"minecraft:saddle":4,"minecraft:skeleton_skull":14,"minecraft:basalt":86,"minecraft:crimson_stem":1,"travelersbackpack:melon":1,"minecraft:glow_ink_sac":2,"minecraft:leather":103,"minecraft:crimson_fungus":1,"minecraft:chainmail_chestplate":2,"minecraft:yellow_bed":17,"minecraft:gunpowder":193,"minecraft:gray_carpet":3,"minecraft:rabbit_hide":1,"minecraft:iron_ingot":14,"travelersbackpack:coal":1,"minecraft:book":447,"minecraft:oak_slab":124,"minecraft:black_candle":3,"minecraft:pumpkin":6,"magistuarmory:rustedchainmail_chestplate":3,"minecraft:stone_brick_slab":10,"magistuarmory:knight_chestplate":1,"minecraft:quartz":24,"minecraft:dandelion":6,"minecraft:raw_iron_block":5,"magistuarmory:pantyhose":3,"minecraft:amethyst_shard":4,"minecraft:soul_torch":15,"minecraft:blast_furnace":11,"minecraft:white_bed":2,"minecraft:spider_eye":85,"minecraft:pumpkin_seeds":7,"magistuarmory:rustedchainmail_helmet":1,"minecraft:music_disc_mall":2,"minecraft:sculk_sensor":4,"magistuarmory:rusted_bastardsword":2,"minecraft:chainmail_leggings":2,"magistuarmory:rustedcrusader_boots":3,"minecraft:iron_helmet":10,"minecraft:cherry_sapling":4,"minecraft:coal":314,"minecraft:sunflower":1},"minecraft:killed_by":{"mutantmonsters:mutant_creeper":1}},"DataVersion":3463}