{"stats":{"minecraft:mined":{"minecraft:cherry_log":46,"minecraft:obsidian":130,"minecraft:potted_dead_bush":1,"minecraft:granite":18,"minecraft:chiseled_polished_blackstone":12,"minecraft:coal_block":46,"minecraft:deepslate_bricks":25,"minecraft:deepslate_tile_stairs":1,"minecraft:green_concrete":1,"minecraft:hopper":3,"minecraft:oxeye_daisy":1,"minecraft:nether_wart":24,"minecraft:chiseled_stone_bricks":1,"minecraft:polished_blackstone_bricks":206,"minecraft:weeping_vines_plant":1,"minecraft:magma_block":4,"minecraft:cobbled_deepslate":26,"minecraft:barrel":1,"minecraft:fire":71,"minecraft:pumpkin":4,"minecraft:deepslate_lapis_ore":17,"minecraft:enchanting_table":1,"minecraft:sculk_shrieker":2,"minecraft:dirt_path":5,"minecraft:oak_stairs":58,"weaponmaster:workstation":4,"minecraft:deepslate_brick_stairs":4,"minecraft:pink_tulip":2,"minecraft:iron_block":3,"minecraft:white_banner":1,"minecraft:smoker":1,"minecraft:kelp_plant":1,"minecraft:crimson_nylium":96,"minecraft:deepslate_brick_wall":2,"minecraft:soul_fire":4,"minecraft:powder_snow":8,"minecraft:torch":9,"minecraft:white_candle":4,"minecraft:sugar_cane":15,"minecraft:skeleton_skull":4,"minecraft:chain":13,"mutantmonsters:mutant_skeleton_skull":1,"minecraft:wheat":29,"minecraft:stone_brick_stairs":9,"minecraft:grass":362,"minecraft:deepslate":279,"minecraft:suspicious_gravel":2,"minecraft:warped_door":1,"minecraft:dark_oak_fence":1,"minecraft:spruce_fence":11,"minecraft:crimson_roots":5,"minecraft:redstone_wire":3,"minecraft:moss_block":2,"minecraft:redstone_ore":6,"minecraft:andesite":12,"minecraft:potatoes":270,"minecraft:cobblestone_slab":3,"minecraft:warped_trapdoor":15,"minecraft:white_wool":8,"minecraft:smithing_table":7,"minecraft:oak_slab":44,"minecraft:stone_brick_slab":7,"minecraft:dandelion":6,"minecraft:polished_blackstone_brick_wall":8,"minecraft:cornflower":1,"minecraft:emerald_ore":1,"minecraft:tall_grass":92,"minecraft:copper_ore":7,"minecraft:deepslate_gold_ore":3,"minecraft:cracked_deepslate_bricks":1,"minecraft:diorite":13,"minecraft:white_carpet":1,"minecraft:birch_leaves":2,"minecraft:gravel":51,"minecraft:cobweb":39,"minecraft:spruce_fence_gate":2,"minecraft:polished_blackstone":44,"minecraft:stone_bricks":15,"minecraft:spruce_planks":10,"minecraft:oak_sapling":5,"minecraft:sculk_vein":43,"minecraft:potted_blue_orchid":1,"minecraft:brewing_stand":1,"minecraft:spruce_trapdoor":10,"minecraft:grass_block":1209,"minecraft:cracked_polished_blackstone_bricks":87,"minecraft:polished_blackstone_brick_slab":20,"minecraft:composter":1,"minecraft:gilded_blackstone":34,"minecraft:smooth_stone":1,"minecraft:raw_iron_block":5,"minecraft:sculk_catalyst":2,"minecraft:glowstone":6,"minecraft:iron_ore":51,"minecraft:anvil":2,"minecraft:azure_bluet":2,"minecraft:red_tulip":1,"minecraft:iron_bars":2,"minecraft:black_candle":1,"minecraft:spruce_slab":13,"minecraft:deepslate_redstone_ore":6,"minecraft:polished_blackstone_wall":4,"minecraft:blackstone":231,"minecraft:clay":7,"minecraft:chest":14,"minecraft:mushroom_stem":9,"minecraft:nether_quartz_ore":17,"minecraft:cobblestone":172,"minecraft:oak_planks":136,"minecraft:grindstone":2,"minecraft:iron_door":1,"minecraft:wall_torch":2,"minecraft:cauldron":1,"minecraft:pink_petals":2,"minecraft:birch_log":2,"minecraft:yellow_wool":9,"minecraft:orange_tulip":1,"minecraft:smooth_stone_slab":2,"minecraft:oak_log":1014,"minecraft:sand":135,"minecraft:dirt":185,"minecraft:ancient_debris":8,"minecraft:netherrack":972,"minecraft:oak_leaves":354,"minecraft:nether_gold_ore":5,"minecraft:crying_obsidian":2,"minecraft:diamond_ore":3,"minecraft:tuff":253,"minecraft:deepslate_diamond_ore":31,"minecraft:candle":3,"minecraft:oak_door":7,"minecraft:weeping_vines":2,"minecraft:white_stained_glass":1,"minecraft:brown_mushroom_block":90,"minecraft:spruce_leaves":19,"minecraft:crimson_stem":1,"minecraft:hay_block":96,"minecraft:deepslate_brick_slab":4,"minecraft:oak_trapdoor":18,"minecraft:furnace":18,"minecraft:gold_block":84,"minecraft:bell":2,"minecraft:bookshelf":103,"minecraft:deepslate_iron_ore":124,"minecraft:lantern":2,"minecraft:stripped_oak_log":20,"minecraft:white_tulip":1,"minecraft:stone":1478,"minecraft:basalt":103,"minecraft:oak_fence":6,"minecraft:crafting_table":5,"minecraft:rose_bush":3,"minecraft:sculk_sensor":6,"minecraft:lectern":52,"minecraft:lapis_ore":12,"minecraft:polished_blackstone_brick_stairs":72,"minecraft:sculk":715,"minecraft:blue_bed":1,"minecraft:spruce_stairs":40,"minecraft:gray_wool":2,"minecraft:polished_blackstone_slab":1,"minecraft:bee_nest":4,"minecraft:yellow_bed":14,"minecraft:coal_ore":97,"minecraft:cherry_leaves":6,"minecraft:gray_carpet":2,"minecraft:mossy_stone_bricks":1},"minecraft:killed":{"minecraft:cave_spider":4,"weaponmaster:ability_skeleton_grenade_skeletons":53,"minecraft:skeleton":11590,"minecraft:chicken":13,"minecraft:skeleton_horse":4,"minecraft:magma_cube":8,"minecraft:iron_golem":1,"mutantmonsters:mutant_skeleton":13,"minecraft:pillager":27,"minecraft:zombie":285,"mutantmonsters:mutant_creeper":4,"takesapillage:archer":7,"minecraft:cow":34,"minecraft:vindicator":34,"minecraft:horse":24,"minecraft:warden":1,"minecraft:rabbit":2,"minecraft:wandering_trader":2,"minecraft:ravager":1,"mutantmonsters:creeper_minion":6,"minecraft:enderman":16,"minecraft:zombified_piglin":40,"minecraft:witch":5,"minecraft:spider":134,"minecraft:bee":1,"minecraft:piglin_brute":31,"minecraft:wolf":2,"minecraft:piglin":61,"minecraft:pig":22,"minecraft:zombie_villager":5,"minecraft:creeper":104,"minecraft:sheep":28,"minecraft:trader_llama":4,"minecraft:ghast":1,"minecraft:blaze":11,"takesapillage:legioner":2,"minecraft:slime":10,"minecraft:phantom":21,"takesapillage:skirmisher":3,"minecraft:hoglin":13,"mutantmonsters:mutant_enderman":1,"mutantmonsters:mutant_zombie":6,"minecraft:villager":2},"minecraft:custom":{"minecraft:interact_with_crafting_table":139,"minecraft:open_barrel":32,"minecraft:bell_ring":14,"minecraft:eat_cake_slice":7,"minecraft:leave_game":46,"minecraft:time_since_death":564694,"minecraft:damage_blocked_by_shield":1835,"minecraft:play_time":1974956,"minecraft:deaths":7,"minecraft:jump":24249,"minecraft:enchant_item":51,"minecraft:interact_with_furnace":102,"minecraft:play_record":2,"minecraft:traded_with_villager":6,"minecraft:sleep_in_bed":15,"minecraft:damage_dealt":43837,"minecraft:interact_with_smoker":3,"minecraft:horse_one_cm":983866,"minecraft:interact_with_smithing_table":14,"minecraft:interact_with_anvil":12,"minecraft:inspect_hopper":42,"minecraft:target_hit":1,"minecraft:sneak_time":87632,"minecraft:total_world_time":1974956,"minecraft:time_since_rest":31579,"minecraft:swim_one_cm":91361,"minecraft:fly_one_cm":7538822,"minecraft:open_chest":1450,"minecraft:fall_one_cm":785146,"minecraft:damage_resisted":8365,"minecraft:sprint_one_cm":4260740,"minecraft:drop":1940,"minecraft:talked_to_villager":268,"minecraft:interact_with_brewingstand":7,"minecraft:walk_on_water_one_cm":97270,"minecraft:player_kills":8,"minecraft:crouch_one_cm":382836,"minecraft:mob_kills":12791,"minecraft:climb_one_cm":102316,"minecraft:walk_one_cm":2861046,"minecraft:raid_win":1,"minecraft:walk_under_water_one_cm":83623,"minecraft:boat_one_cm":328725,"minecraft:raid_trigger":1,"minecraft:interact_with_grindstone":17,"minecraft:damage_taken":23321,"minecraft:damage_absorbed":2727},"minecraft:dropped":{"minecraft:porkchop":10,"minecraft:lapis_lazuli":64,"minecraft:chorus_fruit":3,"minecraft:glass_bottle":2,"minecraft:orange_tulip":1,"minecraft:crossbow":2,"minecraft:saddle":1,"weaponmaster:wm_broadsword":1,"mutantmonsters:mutant_skeleton_shoulder_pad":2,"minecraft:emerald":9,"minecraft:gold_block":1,"minecraft:dirt":50,"minecraft:gold_nugget":88,"minecraft:phantom_membrane":5,"minecraft:white_wool":3,"minecraft:bone":18552,"minecraft:golden_chestplate":1,"minecraft:cobbled_deepslate":52,"minecraft:rotten_flesh":138,"minecraft:oak_planks":3,"minecraft:echo_shard":1,"weaponmaster:weaponkit":3,"minecraft:ladder":4,"minecraft:beef":33,"minecraft:stone_brick_stairs":1,"minecraft:enchanted_book":6,"minecraft:iron_ingot":1,"minecraft:wheat_seeds":45,"minecraft:iron_helmet":1,"minecraft:cobblestone":100,"minecraft:polished_blackstone_button":2,"minecraft:chainmail_helmet":1,"minecraft:warped_trapdoor":3,"minecraft:oxeye_daisy":1,"minecraft:sculk":5,"minecraft:wooden_axe":1,"minecraft:smooth_stone":1,"minecraft:chainmail_leggings":2,"minecraft:string":49,"minecraft:gray_carpet":1,"magistuarmory:pantyhose":2,"minecraft:bowl":1,"minecraft:stone_shovel":1,"minecraft:experience_bottle":1,"minecraft:shears":1,"minecraft:pumpkin_seeds":1,"minecraft:potato":321,"minecraft:flower_pot":1,"mutantmonsters:mutant_skeleton_limb":7,"minecraft:spider_eye":12,"minecraft:sandstone":5,"minecraft:bow":617,"weaponmaster:wm_rapierlarge":1,"mutantmonsters:mutant_skeleton_skull":2,"mutantmonsters:mutant_skeleton_rib":2,"minecraft:oak_log":10,"minecraft:baked_potato":86,"travelersbackpack:bee":2,"minecraft:lantern":1,"minecraft:leather":21,"minecraft:cracked_polished_blackstone_bricks":1,"minecraft:polished_blackstone_brick_stairs":22,"minecraft:cornflower":1,"minecraft:mutton":1,"minecraft:birch_log":2,"minecraft:gold_ingot":20,"minecraft:gravel":5,"travelersbackpack:ocelot":1,"mutantmonsters:mutant_skeleton_pelvis":1,"travelersbackpack:pig":2,"minecraft:carrot":1,"minecraft:chainmail_chestplate":2,"minecraft:gunpowder":16,"minecraft:skeleton_skull":1,"minecraft:melon_seeds":4,"minecraft:chest":4,"minecraft:chainmail_boots":2,"minecraft:basalt":1,"minecraft:arrow":27575,"minecraft:quartz":1,"minecraft:netherrack":64,"minecraft:oak_slab":3,"minecraft:golden_helmet":5,"weaponmaster:tutorialbook":1,"minecraft:spruce_stairs":1,"minecraft:stick":9,"minecraft:zombie_head":2,"minecraft:iron_leggings":2,"minecraft:bucket":1,"minecraft:dandelion":2,"minecraft:kelp":1,"minecraft:oak_trapdoor":2,"minecraft:raw_copper":17,"minecraft:tuff":7,"minecraft:sculk_sensor":4,"magistuarmory:rustedhalfarmor_chestplate":2,"weaponmaster:wm_broadswordlarge":1,"minecraft:shield":1,"minecraft:andesite":5,"minecraft:mossy_stone_bricks":1,"minecraft:golden_leggings":4,"minecraft:oak_sapling":6,"minecraft:wooden_pickaxe":6,"fantasyfurniture:venthyr/chandelier":1},"minecraft:used":{"minecraft:moss_block":1,"minecraft:polished_blackstone":14,"minecraft:ladder":8,"minecraft:chest":36,"travelersbackpack:diamond":1,"minecraft:rotten_flesh":8,"fantasyfurniture:dunmer/cushion":4,"magistuarmory:messer_sword":30,"mutantmonsters:mutant_creeper_spawn_egg":2,"minecraft:lava_bucket":13,"minecraft:grass_block":930,"mutantmonsters:creeper_minion_spawn_egg":1,"weaponmaster:wm_broadsword":112,"minecraft:bow":133,"mutantmonsters:hulk_hammer":14,"guardvillagers:guard_spawn_egg":1,"minecraft:oak_sapling":90,"minecraft:furnace":12,"minecraft:egg":4,"minecraft:potato":370,"minecraft:diorite":2,"weaponmaster:wm_rapierlarge":34,"minecraft:blackstone":62,"minecraft:wooden_pickaxe":3,"minecraft:sand":24,"minecraft:netherite_helmet":2,"mutantmonsters:mutant_skeleton_skull":1,"minecraft:crying_obsidian":1,"minecraft:lectern":52,"minecraft:oak_pressure_plate":1,"fantasyfurniture:decorations/potion_bottles":5,"minecraft:wooden_sword":10,"minecraft:smithing_table":7,"minecraft:oak_boat":2,"minecraft:oak_trapdoor":7,"minecraft:polished_blackstone_brick_slab":1,"minecraft:enchanting_table":2,"minecraft:stone_sword":553,"minecraft:netherrack":518,"minecraft:torch":92,"minecraft:brewing_stand":1,"minecraft:anvil":3,"easy_npc:humanoid_slim_spawn_egg":1,"fantasyfurniture:decorations/royal_platter":48,"minecraft:iron_axe":141,"mutantmonsters:creeper_shard":5,"travelersbackpack:cactus":2,"minecraft:basalt":30,"minecraft:cobbled_deepslate":91,"minecraft:water_bucket":117,"minecraft:cherry_planks":83,"travelersbackpack:coal":1,"minecraft:horse_spawn_egg":2,"minecraft:polished_blackstone_bricks":47,"minecraft:oak_slab":99,"minecraft:crafting_table":17,"minecraft:campfire":1,"minecraft:oak_log":239,"minecraft:diamond_pickaxe":2203,"minecraft:warped_trapdoor":7,"minecraft:diamond_shovel":1561,"travelersbackpack:bookshelf":3,"minecraft:suspicious_stew":1,"minecraft:oak_button":1,"minecraft:iron_pickaxe":488,"minecraft:spruce_trapdoor":1,"fantasyfurniture:furniture_station":3,"minecraft:cobblestone":771,"minecraft:potion":6,"travelersbackpack:standard":1,"minecraft:cooked_porkchop":22,"minecraft:porkchop":5,"minecraft:glass_pane":13,"minecraft:jukebox":2,"minecraft:diamond_leggings":2,"minecraft:bell":3,"travelersbackpack:pig":4,"minecraft:tuff":40,"minecraft:obsidian":5,"minecraft:lantern":18,"mutantmonsters:mutant_enderman_spawn_egg":1,"minecraft:stone_bricks":6,"minecraft:hay_block":1,"takesapillage:bastille_blues_music_disc":2,"fantasyfurniture:venthyr/chandelier":2,"travelersbackpack:spider":4,"minecraft:chiseled_polished_blackstone":10,"minecraft:gray_carpet":1,"minecraft:stone_pickaxe":155,"minecraft:oak_planks":584,"fantasyfurniture:nordic/desk_left":1,"minecraft:blue_bed":6,"minecraft:diamond_axe":1645,"minecraft:white_wool":2,"travelersbackpack:bee":4,"weaponmaster:wm_broadswordlarge":137,"magistuarmory:noble_sword":16,"minecraft:lingering_potion":86,"minecraft:shears":52,"minecraft:bread":175,"minecraft:string":4,"minecraft:iron_door":2,"minecraft:grindstone":2,"minecraft:andesite":5,"minecraft:bone_meal":651,"minecraft:cobweb":1,"minecraft:experience_bottle":7,"minecraft:cherry_boat":2,"minecraft:flint_and_steel":82,"minecraft:stone_shovel":157,"minecraft:spruce_planks":5,"weaponmaster:workstation":21,"minecraft:oak_door":7,"minecraft:dirt":98,"minecraft:hopper":3,"minecraft:spruce_stairs":29,"minecraft:spruce_fence":1,"minecraft:granite":7,"minecraft:iron_hoe":750,"minecraft:stone_brick_slab":4,"minecraft:bookshelf":16,"minecraft:oak_stairs":280,"minecraft:polished_blackstone_brick_stairs":34,"minecraft:netherite_pickaxe":2516,"travelersbackpack:cake":3,"minecraft:enchanted_golden_apple":13,"fantasyfurniture:bone/wither/stool":1,"minecraft:glass_bottle":3,"minecraft:baked_potato":245,"minecraft:brown_mushroom":4,"minecraft:cobblestone_slab":8,"minecraft:vindicator_spawn_egg":30,"magistuarmory:iron_target":69,"minecraft:apple":9,"minecraft:cracked_polished_blackstone_bricks":16,"minecraft:stone_axe":409,"minecraft:white_banner":1,"minecraft:bucket":135,"fantasyfurniture:decorations/coin_stack_gold":1,"minecraft:yellow_bed":11,"minecraft:pumpkin_pie":2,"takesapillage:ravager_horn":3,"minecraft:smooth_stone":12,"minecraft:splash_potion":1},"minecraft:broken":{"mutantmonsters:mutant_skeleton_chestplate":1,"minecraft:iron_boots":1,"minecraft:iron_hoe":3,"minecraft:stone_sword":3,"minecraft:diamond_leggings":1,"minecraft:iron_pickaxe":2,"minecraft:iron_helmet":1,"mutantmonsters:mutant_skeleton_skull":1,"minecraft:stone_pickaxe":1,"minecraft:stone_axe":3,"magistuarmory:rustedhalfarmor_chestplate":1,"minecraft:diamond_chestplate":1,"magistuarmory:crusader_boots":1},"minecraft:crafted":{"mutantmonsters:mutant_skeleton_leggings":2,"fantasyfurniture:furniture_station":1,"minecraft:oak_pressure_plate":1,"minecraft:blaze_powder":2,"minecraft:diamond_shovel":1,"minecraft:bookshelf":19,"weaponmaster:workstation":2,"minecraft:glass":104,"mutantmonsters:mutant_skeleton_boots":2,"minecraft:iron_door":3,"weaponmaster:weaponkit":5,"minecraft:cooked_porkchop":10,"minecraft:diamond_axe":1,"travelersbackpack:standard":2,"minecraft:smithing_table":1,"travelersbackpack:red_sleeping_bag":1,"minecraft:lectern":3,"minecraft:iron_pickaxe":2,"minecraft:iron_block":6,"minecraft:gold_ingot":54,"minecraft:netherite_ingot":3,"minecraft:stone_shovel":3,"minecraft:bone_meal":5385,"travelersbackpack:blank_upgrade":4,"travelersbackpack:gold_tier_upgrade":1,"minecraft:ladder":12,"minecraft:stone_pickaxe":3,"minecraft:diamond_boots":1,"travelersbackpack:spider":3,"minecraft:wheat":576,"minecraft:netherite_pickaxe":1,"minecraft:enchanting_table":1,"minecraft:blue_bed":5,"minecraft:enchanted_book":5,"minecraft:golden_apple":7,"minecraft:fermented_spider_eye":1,"minecraft:oak_stairs":244,"minecraft:iron_leggings":1,"minecraft:white_bed":5,"minecraft:oak_planks":1492,"minecraft:cobblestone_slab":6,"minecraft:cherry_slab":6,"minecraft:cherry_boat":1,"mutantmonsters:mutant_skeleton_arms":2,"minecraft:hopper":1,"minecraft:bow":31,"minecraft:iron_boots":1,"minecraft:chest":24,"minecraft:netherite_helmet":1,"minecraft:oak_button":1,"mutantmonsters:mutant_skeleton_rib_cage":2,"minecraft:oak_slab":102,"travelersbackpack:iron_tier_upgrade":1,"minecraft:crafting_table":17,"minecraft:wooden_pickaxe":1,"minecraft:baked_potato":478,"minecraft:iron_helmet":1,"minecraft:red_wool":2,"minecraft:brewing_stand":1,"minecraft:iron_chestplate":1,"minecraft:diamond_pickaxe":2,"minecraft:shield":1,"minecraft:stick":156,"minecraft:iron_ingot":281,"minecraft:stone_sword":5,"magistuarmory:griffin_decoration":1,"minecraft:shears":2,"minecraft:cherry_planks":184,"minecraft:oak_door":6,"travelersbackpack:netherite_tier_upgrade":1,"minecraft:raw_iron":45,"minecraft:coal":288,"minecraft:oak_trapdoor":4,"minecraft:glass_pane":160,"minecraft:flint_and_steel":1,"mutantmonsters:mutant_skeleton_chestplate":2,"minecraft:leather":4,"minecraft:iron_axe":1,"minecraft:iron_hoe":4,"minecraft:netherite_scrap":10,"travelersbackpack:diamond_tier_upgrade":1,"minecraft:sugar":1,"minecraft:red_dye":2,"minecraft:bone_block":491,"minecraft:crimson_planks":4,"travelersbackpack:backpack_tank":4,"minecraft:bucket":7,"minecraft:stone_axe":4,"minecraft:bread":108,"minecraft:air":0,"minecraft:blue_dye":5,"minecraft:oak_boat":2,"minecraft:white_wool":3,"minecraft:anvil":2,"minecraft:torch":292,"minecraft:diamond_chestplate":1},"minecraft:picked_up":{"minecraft:wooden_axe":1,"minecraft:chainmail_boots":2,"minecraft:flower_pot":2,"minecraft:anvil":5,"minecraft:smithing_table":7,"minecraft:lead":4,"weaponmaster:wm_rapierlarge":1,"minecraft:oak_stairs":56,"minecraft:enchanted_book":7,"minecraft:brewing_stand":1,"minecraft:polished_blackstone_brick_stairs":56,"minecraft:string":140,"minecraft:cherry_boat":2,"minecraft:diamond_leggings":4,"minecraft:gold_nugget":279,"minecraft:cobbled_deepslate":261,"minecraft:spruce_planks":10,"minecraft:enchanted_golden_apple":62,"minecraft:coal_block":46,"minecraft:golden_helmet":12,"minecraft:polished_blackstone_brick_slab":5,"minecraft:cherry_log":46,"minecraft:golden_chestplate":2,"minecraft:warped_door":1,"minecraft:rabbit_foot":1,"mutantmonsters:mutant_skeleton_pelvis":11,"travelersbackpack:iron":1,"minecraft:iron_block":3,"minecraft:blaze_rod":22,"takesapillage:bastille_blues_music_disc":2,"minecraft:iron_bars":2,"minecraft:birch_log":2,"minecraft:magma_block":1,"minecraft:iron_door":1,"minecraft:water_bucket":2,"minecraft:smoker":1,"travelersbackpack:ocelot":1,"minecraft:flint":1,"minecraft:lantern":21,"minecraft:rabbit":3,"minecraft:glowstone_dust":21,"minecraft:moss_block":2,"minecraft:chiseled_polished_blackstone":10,"fantasyfurniture:decorations/royal_platter":47,"minecraft:white_candle":13,"minecraft:green_concrete":1,"weaponmaster:workstation":4,"minecraft:granite":18,"minecraft:golden_horse_armor":1,"minecraft:chainmail_helmet":2,"minecraft:crimson_roots":10,"minecraft:diamond_pickaxe":2,"minecraft:crafting_table":4,"minecraft:bee_nest":3,"minecraft:nether_wart":23,"minecraft:clay_ball":29,"minecraft:cornflower":2,"travelersbackpack:pig":2,"minecraft:beef":50,"minecraft:poppy":1,"minecraft:spruce_slab":13,"minecraft:chest":16,"minecraft:egg":11,"minecraft:sandstone":5,"minecraft:oak_door":8,"travelersbackpack:cactus":3,"minecraft:spruce_fence":11,"minecraft:carrot":8,"minecraft:redstone":34,"mutantmonsters:creeper_shard":1,"travelersbackpack:snow":1,"minecraft:stone_shovel":1,"weaponmaster:wm_broadsword":1,"minecraft:shears":1,"minecraft:deepslate_bricks":19,"minecraft:hay_block":96,"minecraft:gold_ingot":28,"minecraft:polished_blackstone":17,"minecraft:glow_berries":20,"minecraft:mutton":13,"minecraft:white_wool":25,"minecraft:oxeye_daisy":2,"minecraft:stripped_oak_log":20,"magistuarmory:rustedhalfarmor_chestplate":2,"magistuarmory:armet":1,"minecraft:filled_map":1,"mutantmonsters:mutant_skeleton_chestplate":2,"minecraft:oak_log":991,"magistuarmory:noble_sword":1,"minecraft:ancient_debris":8,"mutantmonsters:mutant_skeleton_limb":89,"minecraft:blue_bed":1,"travelersbackpack:sheep":2,"minecraft:white_banner":7,"minecraft:apple":15,"minecraft:stone_bricks":13,"travelersbackpack:cake":1,"minecraft:kelp":1,"minecraft:cobweb":37,"weaponmaster:tutorialbook":2,"minecraft:iron_sword":2,"minecraft:gravel":44,"minecraft:crying_obsidian":2,"travelersbackpack:standard":1,"minecraft:slime_ball":16,"minecraft:diamond_axe":2,"minecraft:polished_blackstone_brick_wall":4,"minecraft:baked_potato":124,"minecraft:melon_seeds":4,"minecraft:hopper":3,"minecraft:ender_pearl":5,"minecraft:wheat":142,"minecraft:yellow_wool":9,"minecraft:potion":4,"minecraft:stone_brick_stairs":9,"travelersbackpack:spider":1,"mutantmonsters:mutant_skeleton_skull":14,"minecraft:raw_copper":42,"travelersbackpack:diamond":1,"minecraft:iron_leggings":4,"minecraft:armor_stand":10,"minecraft:zombie_head":3,"minecraft:experience_bottle":6,"minecraft:smooth_stone":1,"minecraft:white_tulip":1,"minecraft:rose_bush":1,"minecraft:cobblestone_slab":9,"minecraft:ender_eye":3,"minecraft:iron_boots":2,"minecraft:furnace":18,"minecraft:stick":46,"minecraft:deepslate_brick_wall":2,"minecraft:oak_fence":6,"weaponmaster:weaponkit":2,"minecraft:torch":14,"minecraft:spruce_stairs":45,"minecraft:porkchop":59,"minecraft:diorite":57,"mutantmonsters:hulk_hammer":5,"minecraft:rotten_flesh":356,"mutantmonsters:mutant_skeleton_shoulder_pad":22,"minecraft:deepslate_brick_stairs":4,"minecraft:obsidian":123,"minecraft:cobblestone":1862,"minecraft:enchanting_table":1,"minecraft:pink_petals":2,"minecraft:magma_cream":2,"minecraft:andesite":12,"minecraft:golden_leggings":4,"minecraft:potato":1371,"minecraft:tuff":128,"minecraft:warped_trapdoor":21,"minecraft:dirt":320,"minecraft:lapis_lazuli":371,"minecraft:name_tag":1,"travelersbackpack:bookshelf":2,"minecraft:bone":9727,"minecraft:bow":265,"minecraft:orange_tulip":1,"minecraft:wheat_seeds":452,"minecraft:deepslate_brick_slab":4,"minecraft:raw_gold":5,"minecraft:bell":3,"minecraft:grindstone":2,"travelersbackpack:bee":5,"minecraft:mossy_stone_bricks":1,"minecraft:oak_planks":352,"minecraft:cooked_porkchop":17,"minecraft:poisonous_potato":2,"minecraft:sand":131,"minecraft:dead_bush":1,"minecraft:grass_block":1097,"minecraft:spruce_fence_gate":2,"minecraft:diamond":54,"minecraft:polished_blackstone_pressure_plate":2,"minecraft:polished_blackstone_button":3,"minecraft:cracked_polished_blackstone_bricks":32,"minecraft:crossbow":3,"minecraft:bone_meal":2,"minecraft:spruce_sign":4,"minecraft:emerald":98,"minecraft:oak_sapling":99,"minecraft:chorus_fruit":13,"minecraft:netherrack":648,"minecraft:charcoal":3,"minecraft:azure_bluet":2,"minecraft:splash_potion":1,"minecraft:ladder":8,"minecraft:brown_mushroom":23,"minecraft:wooden_pickaxe":7,"minecraft:gold_block":83,"minecraft:diamond_horse_armor":1,"minecraft:chain":13,"minecraft:oak_trapdoor":19,"minecraft:iron_axe":7,"minecraft:item_frame":2,"minecraft:blackstone":126,"minecraft:blue_orchid":1,"minecraft:candle":6,"minecraft:echo_shard":2,"minecraft:oak_boat":2,"magistuarmory:knight_leggings":1,"magistuarmory:knight_boots":1,"minecraft:lectern":52,"minecraft:sugar_cane":26,"minecraft:phantom_membrane":39,"minecraft:spruce_trapdoor":10,"minecraft:raw_iron":229,"fantasyfurniture:venthyr/chandelier":1,"minecraft:polished_blackstone_bricks":91,"minecraft:stone_button":3,"minecraft:stone_pressure_plate":8,"weaponmaster:wm_broadswordlarge":2,"minecraft:weeping_vines":1,"minecraft:arrow":10453,"minecraft:pumpkin_pie":2,"mutantmonsters:mutant_skeleton_rib":61,"minecraft:saddle":4,"minecraft:skeleton_skull":14,"minecraft:basalt":86,"minecraft:crimson_stem":1,"travelersbackpack:melon":1,"minecraft:glow_ink_sac":2,"minecraft:leather":92,"minecraft:crimson_fungus":1,"minecraft:chainmail_chestplate":2,"minecraft:gunpowder":148,"minecraft:yellow_bed":14,"minecraft:gray_carpet":3,"minecraft:rabbit_hide":1,"minecraft:iron_ingot":8,"travelersbackpack:coal":1,"minecraft:book":447,"minecraft:oak_slab":50,"minecraft:black_candle":3,"minecraft:pumpkin":4,"minecraft:stone_brick_slab":6,"magistuarmory:knight_chestplate":1,"minecraft:quartz":4,"minecraft:dandelion":5,"minecraft:raw_iron_block":5,"magistuarmory:pantyhose":3,"minecraft:amethyst_shard":4,"minecraft:soul_torch":15,"minecraft:spider_eye":73,"minecraft:pumpkin_seeds":3,"minecraft:music_disc_mall":2,"minecraft:sculk_sensor":4,"minecraft:chainmail_leggings":2,"minecraft:iron_helmet":2,"minecraft:cherry_sapling":4,"minecraft:coal":282},"minecraft:killed_by":{"mutantmonsters:mutant_creeper":1}},"DataVersion":3463}