{"stats":{"minecraft:mined":{"minecraft:spruce_planks":10,"minecraft:cherry_log":46,"minecraft:sculk_vein":41,"minecraft:potted_blue_orchid":1,"minecraft:obsidian":14,"minecraft:granite":10,"minecraft:potted_dead_bush":1,"minecraft:spruce_trapdoor":9,"minecraft:grass_block":19,"minecraft:deepslate_bricks":19,"minecraft:coal_block":32,"minecraft:composter":1,"minecraft:hopper":1,"minecraft:chiseled_stone_bricks":1,"minecraft:smooth_stone":1,"minecraft:magma_block":1,"minecraft:sculk_catalyst":2,"minecraft:cobbled_deepslate":13,"minecraft:iron_ore":44,"minecraft:barrel":1,"minecraft:pumpkin":4,"minecraft:anvil":2,"minecraft:enchanting_table":1,"minecraft:sculk_shrieker":1,"minecraft:oak_stairs":12,"minecraft:deepslate_brick_stairs":4,"minecraft:black_candle":1,"minecraft:white_banner":1,"minecraft:iron_block":3,"minecraft:spruce_slab":13,"minecraft:blackstone":10,"minecraft:kelp_plant":1,"minecraft:deepslate_brick_wall":2,"minecraft:smoker":1,"minecraft:powder_snow":8,"minecraft:clay":7,"minecraft:torch":6,"minecraft:chest":12,"minecraft:cobblestone":75,"minecraft:white_candle":1,"minecraft:grindstone":2,"minecraft:oak_planks":53,"minecraft:wall_torch":2,"minecraft:cauldron":1,"minecraft:pink_petals":2,"minecraft:skeleton_skull":4,"minecraft:chain":13,"minecraft:wheat":29,"minecraft:stone_brick_stairs":9,"minecraft:smooth_stone_slab":1,"minecraft:grass":103,"minecraft:oak_log":137,"minecraft:sand":117,"minecraft:dirt":73,"minecraft:netherrack":2,"minecraft:oak_leaves":6,"minecraft:deepslate":88,"minecraft:diamond_ore":3,"minecraft:crying_obsidian":1,"minecraft:tuff":32,"minecraft:deepslate_diamond_ore":10,"minecraft:candle":1,"minecraft:oak_door":1,"minecraft:warped_door":1,"minecraft:spruce_fence":11,"minecraft:white_stained_glass":1,"minecraft:redstone_wire":3,"minecraft:spruce_leaves":18,"minecraft:moss_block":2,"minecraft:hay_block":67,"minecraft:deepslate_brick_slab":4,"minecraft:oak_trapdoor":2,"minecraft:furnace":18,"minecraft:andesite":6,"minecraft:gold_block":2,"minecraft:bookshelf":87,"minecraft:potatoes":151,"minecraft:cobblestone_slab":1,"minecraft:lantern":1,"minecraft:stripped_oak_log":8,"minecraft:warped_trapdoor":15,"minecraft:white_tulip":1,"minecraft:stone":528,"minecraft:white_wool":2,"minecraft:oak_slab":12,"minecraft:stone_brick_slab":6,"minecraft:dandelion":2,"minecraft:oak_fence":1,"minecraft:crafting_table":1,"minecraft:rose_bush":2,"minecraft:sculk_sensor":6,"minecraft:copper_ore":7,"minecraft:tall_grass":22,"minecraft:sculk":710,"minecraft:diorite":9,"minecraft:spruce_stairs":40,"minecraft:white_carpet":1,"minecraft:coal_ore":5,"minecraft:cherry_leaves":6,"minecraft:gray_carpet":2,"minecraft:cobweb":2,"minecraft:spruce_fence_gate":2,"minecraft:stone_bricks":15,"minecraft:mossy_stone_bricks":1},"minecraft:killed":{"minecraft:witch":4,"minecraft:spider":66,"weaponmaster:ability_skeleton_grenade_skeletons":14,"minecraft:skeleton":4456,"minecraft:chicken":7,"minecraft:pig":19,"minecraft:zombie_villager":2,"minecraft:iron_golem":1,"mutantmonsters:mutant_skeleton":3,"minecraft:creeper":34,"minecraft:sheep":19,"minecraft:trader_llama":2,"minecraft:pillager":9,"minecraft:zombie":114,"mutantmonsters:mutant_creeper":2,"takesapillage:archer":1,"minecraft:cow":23,"minecraft:vindicator":28,"minecraft:phantom":7,"minecraft:horse":21,"takesapillage:skirmisher":1,"minecraft:rabbit":1,"minecraft:wandering_trader":1,"mutantmonsters:mutant_enderman":1,"minecraft:enderman":4},"minecraft:custom":{"minecraft:interact_with_crafting_table":67,"minecraft:open_barrel":27,"minecraft:bell_ring":9,"minecraft:eat_cake_slice":7,"minecraft:leave_game":21,"minecraft:time_since_death":149013,"minecraft:damage_resisted":854,"minecraft:sprint_one_cm":1791509,"minecraft:damage_blocked_by_shield":1835,"minecraft:drop":418,"minecraft:talked_to_villager":7,"minecraft:play_time":767250,"minecraft:deaths":6,"minecraft:jump":10308,"minecraft:walk_on_water_one_cm":57392,"minecraft:interact_with_furnace":41,"minecraft:play_record":2,"minecraft:sleep_in_bed":4,"minecraft:damage_dealt":39459,"minecraft:crouch_one_cm":89920,"minecraft:interact_with_smoker":3,"minecraft:horse_one_cm":389317,"minecraft:mob_kills":4903,"minecraft:interact_with_anvil":2,"minecraft:inspect_hopper":13,"minecraft:climb_one_cm":31340,"minecraft:walk_one_cm":1023186,"minecraft:sneak_time":28558,"minecraft:walk_under_water_one_cm":24076,"minecraft:boat_one_cm":69300,"minecraft:total_world_time":767250,"minecraft:time_since_rest":149067,"minecraft:damage_taken":11367,"minecraft:damage_absorbed":960,"minecraft:swim_one_cm":24881,"minecraft:fly_one_cm":3137938,"minecraft:open_chest":511,"minecraft:fall_one_cm":302437},"minecraft:dropped":{"minecraft:porkchop":9,"minecraft:chorus_fruit":2,"minecraft:glass_bottle":1,"minecraft:lantern":1,"minecraft:leather":9,"minecraft:emerald":1,"minecraft:dirt":1,"minecraft:bone":944,"minecraft:cobbled_deepslate":44,"minecraft:rotten_flesh":31,"minecraft:oak_planks":2,"travelersbackpack:pig":1,"minecraft:carrot":1,"minecraft:chainmail_chestplate":2,"minecraft:echo_shard":1,"minecraft:gunpowder":4,"minecraft:melon_seeds":4,"minecraft:ladder":4,"minecraft:chest":4,"minecraft:chainmail_boots":2,"minecraft:arrow":909,"minecraft:beef":14,"minecraft:stone_brick_stairs":1,"minecraft:wheat_seeds":3,"minecraft:golden_helmet":4,"minecraft:iron_helmet":1,"minecraft:cobblestone":47,"minecraft:spruce_stairs":1,"minecraft:polished_blackstone_button":2,"minecraft:chainmail_helmet":1,"minecraft:warped_trapdoor":3,"minecraft:stick":4,"minecraft:sculk":5,"minecraft:zombie_head":2,"minecraft:smooth_stone":1,"minecraft:chainmail_leggings":2,"minecraft:string":18,"minecraft:gray_carpet":1,"minecraft:kelp":1,"minecraft:raw_copper":17,"minecraft:bowl":1,"minecraft:experience_bottle":1,"minecraft:sculk_sensor":4,"minecraft:potato":65,"minecraft:shield":1,"minecraft:flower_pot":1,"minecraft:mossy_stone_bricks":1,"minecraft:golden_leggings":4,"minecraft:spider_eye":12,"minecraft:bow":194,"minecraft:wooden_pickaxe":1,"fantasyfurniture:venthyr/chandelier":1},"minecraft:used":{"minecraft:moss_block":1,"minecraft:ladder":8,"minecraft:chest":25,"minecraft:bell":1,"travelersbackpack:pig":2,"minecraft:tuff":25,"fantasyfurniture:dunmer/cushion":4,"magistuarmory:messer_sword":30,"mutantmonsters:mutant_creeper_spawn_egg":2,"minecraft:grass_block":93,"minecraft:lantern":18,"mutantmonsters:mutant_enderman_spawn_egg":1,"mutantmonsters:creeper_minion_spawn_egg":1,"weaponmaster:wm_broadsword":36,"minecraft:stone_bricks":6,"minecraft:bow":42,"takesapillage:bastille_blues_music_disc":2,"minecraft:furnace":12,"guardvillagers:guard_spawn_egg":1,"fantasyfurniture:venthyr/chandelier":2,"minecraft:egg":1,"minecraft:potato":272,"minecraft:diorite":2,"weaponmaster:wm_rapierlarge":1,"minecraft:stone_pickaxe":155,"minecraft:gray_carpet":1,"minecraft:oak_planks":137,"minecraft:wooden_pickaxe":3,"fantasyfurniture:nordic/desk_left":1,"minecraft:diamond_axe":76,"minecraft:white_wool":2,"minecraft:sand":24,"travelersbackpack:bee":2,"weaponmaster:wm_broadswordlarge":76,"magistuarmory:noble_sword":16,"minecraft:lingering_potion":86,"minecraft:crying_obsidian":1,"minecraft:bread":175,"fantasyfurniture:decorations/potion_bottles":5,"minecraft:wooden_sword":10,"minecraft:grindstone":2,"minecraft:andesite":5,"minecraft:bone_meal":358,"minecraft:cobweb":1,"minecraft:cherry_boat":2,"minecraft:oak_trapdoor":6,"minecraft:enchanting_table":2,"minecraft:stone_sword":553,"minecraft:stone_shovel":157,"minecraft:spruce_planks":5,"weaponmaster:workstation":16,"minecraft:oak_door":2,"minecraft:torch":13,"minecraft:dirt":51,"minecraft:anvil":3,"easy_npc:humanoid_slim_spawn_egg":1,"fantasyfurniture:decorations/royal_platter":48,"minecraft:hopper":2,"minecraft:spruce_stairs":29,"minecraft:spruce_fence":1,"minecraft:granite":7,"minecraft:iron_hoe":750,"minecraft:stone_brick_slab":4,"minecraft:bookshelf":16,"minecraft:iron_axe":141,"mutantmonsters:creeper_shard":5,"minecraft:cobbled_deepslate":41,"minecraft:enchanted_golden_apple":7,"fantasyfurniture:bone/wither/stool":1,"minecraft:water_bucket":54,"minecraft:baked_potato":53,"minecraft:cherry_planks":83,"travelersbackpack:coal":1,"minecraft:vindicator_spawn_egg":30,"minecraft:horse_spawn_egg":2,"magistuarmory:iron_target":69,"minecraft:crafting_table":10,"minecraft:campfire":1,"minecraft:oak_log":1,"minecraft:diamond_pickaxe":462,"minecraft:apple":2,"minecraft:warped_trapdoor":7,"minecraft:iron_pickaxe":488,"minecraft:suspicious_stew":1,"minecraft:stone_axe":409,"fantasyfurniture:furniture_station":3,"minecraft:cobblestone":372,"minecraft:potion":2,"minecraft:white_banner":1,"minecraft:bucket":56,"fantasyfurniture:decorations/coin_stack_gold":1,"takesapillage:ravager_horn":3,"minecraft:jukebox":2,"minecraft:smooth_stone":12},"minecraft:broken":{"mutantmonsters:mutant_skeleton_skull":1,"minecraft:iron_boots":1,"minecraft:stone_pickaxe":1,"minecraft:stone_axe":3,"magistuarmory:rustedhalfarmor_chestplate":1,"minecraft:iron_hoe":3,"magistuarmory:crusader_boots":1,"minecraft:stone_sword":3,"minecraft:iron_pickaxe":2,"minecraft:iron_helmet":1},"minecraft:picked_up":{"minecraft:wheat":142,"minecraft:chainmail_boots":2,"minecraft:flower_pot":2,"minecraft:anvil":5,"minecraft:lead":2,"minecraft:oak_stairs":10,"minecraft:enchanted_book":2,"minecraft:potion":4,"minecraft:stone_brick_stairs":9,"minecraft:string":64,"minecraft:raw_copper":40,"mutantmonsters:mutant_skeleton_skull":3,"minecraft:iron_leggings":3,"minecraft:armor_stand":10,"minecraft:experience_bottle":6,"minecraft:zombie_head":3,"minecraft:cherry_boat":2,"minecraft:diamond_leggings":4,"minecraft:cobbled_deepslate":96,"minecraft:smooth_stone":1,"minecraft:spruce_planks":10,"minecraft:white_tulip":1,"minecraft:rose_bush":1,"minecraft:cobblestone_slab":7,"minecraft:ender_eye":3,"minecraft:enchanted_golden_apple":62,"minecraft:coal_block":32,"minecraft:iron_boots":2,"minecraft:furnace":18,"minecraft:golden_helmet":11,"minecraft:stick":1,"minecraft:deepslate_brick_wall":2,"minecraft:oak_fence":1,"minecraft:torch":11,"minecraft:spruce_stairs":45,"minecraft:porkchop":31,"minecraft:cherry_log":46,"minecraft:diorite":55,"minecraft:warped_door":1,"mutantmonsters:mutant_skeleton_pelvis":3,"minecraft:rotten_flesh":96,"minecraft:iron_block":3,"mutantmonsters:mutant_skeleton_shoulder_pad":6,"takesapillage:bastille_blues_music_disc":2,"minecraft:deepslate_brick_stairs":4,"minecraft:obsidian":14,"minecraft:cobblestone":903,"minecraft:enchanting_table":1,"minecraft:pink_petals":2,"minecraft:magma_block":1,"minecraft:water_bucket":2,"minecraft:andesite":6,"minecraft:golden_leggings":4,"minecraft:smoker":1,"minecraft:potato":529,"minecraft:tuff":30,"minecraft:warped_trapdoor":21,"minecraft:dirt":174,"minecraft:lapis_lazuli":1,"minecraft:lantern":21,"minecraft:name_tag":1,"minecraft:bone":2568,"minecraft:bow":145,"minecraft:wheat_seeds":369,"minecraft:deepslate_brick_slab":4,"minecraft:bell":1,"minecraft:grindstone":2,"travelersbackpack:bee":1,"minecraft:mossy_stone_bricks":1,"minecraft:glowstone_dust":4,"minecraft:moss_block":2,"minecraft:oak_planks":271,"fantasyfurniture:decorations/royal_platter":47,"minecraft:poisonous_potato":1,"minecraft:sand":113,"minecraft:dead_bush":1,"minecraft:grass_block":2,"minecraft:spruce_fence_gate":2,"minecraft:white_candle":4,"minecraft:diamond":19,"minecraft:polished_blackstone_pressure_plate":2,"minecraft:polished_blackstone_button":3,"minecraft:granite":10,"minecraft:chainmail_helmet":2,"minecraft:spruce_sign":4,"minecraft:golden_horse_armor":1,"minecraft:emerald":38,"minecraft:oak_sapling":1,"minecraft:chorus_fruit":6,"minecraft:netherrack":2,"minecraft:diamond_pickaxe":2,"minecraft:charcoal":2,"minecraft:azure_bluet":1,"minecraft:ladder":8,"minecraft:clay_ball":28,"minecraft:gold_block":2,"minecraft:chain":13,"minecraft:oak_trapdoor":2,"minecraft:iron_axe":5,"minecraft:item_frame":2,"minecraft:blackstone":8,"travelersbackpack:pig":1,"minecraft:blue_orchid":1,"minecraft:candle":3,"minecraft:echo_shard":2,"minecraft:beef":31,"magistuarmory:knight_leggings":1,"magistuarmory:knight_boots":1,"minecraft:poppy":1,"minecraft:spruce_slab":13,"minecraft:chest":15,"minecraft:spruce_trapdoor":9,"minecraft:phantom_membrane":28,"minecraft:egg":4,"minecraft:raw_iron":45,"minecraft:oak_door":2,"fantasyfurniture:venthyr/chandelier":1,"minecraft:spruce_fence":11,"minecraft:stone_button":3,"minecraft:carrot":7,"minecraft:redstone":7,"minecraft:stone_pressure_plate":8,"mutantmonsters:creeper_shard":1,"weaponmaster:wm_broadswordlarge":1,"minecraft:arrow":2141,"minecraft:pumpkin_pie":2,"minecraft:deepslate_bricks":19,"minecraft:hay_block":67,"mutantmonsters:mutant_skeleton_rib":17,"minecraft:saddle":2,"minecraft:gold_ingot":2,"minecraft:glow_berries":20,"minecraft:mutton":11,"minecraft:skeleton_skull":14,"minecraft:white_wool":7,"minecraft:oxeye_daisy":1,"minecraft:stripped_oak_log":8,"minecraft:leather":40,"magistuarmory:armet":1,"minecraft:filled_map":1,"mutantmonsters:mutant_skeleton_chestplate":2,"magistuarmory:noble_sword":1,"minecraft:oak_log":132,"minecraft:chainmail_chestplate":2,"minecraft:gunpowder":24,"mutantmonsters:mutant_skeleton_limb":24,"travelersbackpack:sheep":1,"minecraft:white_banner":3,"minecraft:gray_carpet":3,"minecraft:stone_bricks":13,"minecraft:kelp":1,"minecraft:iron_ingot":5,"weaponmaster:tutorialbook":1,"travelersbackpack:coal":1,"minecraft:iron_sword":1,"minecraft:book":402,"minecraft:oak_slab":17,"minecraft:black_candle":3,"minecraft:pumpkin":4,"minecraft:stone_brick_slab":6,"minecraft:dandelion":2,"magistuarmory:knight_chestplate":1,"minecraft:amethyst_shard":4,"minecraft:soul_torch":15,"minecraft:crying_obsidian":1,"minecraft:spider_eye":30,"minecraft:sculk_sensor":4,"minecraft:chainmail_leggings":2,"minecraft:iron_helmet":1,"minecraft:diamond_axe":2,"minecraft:cherry_sapling":3,"minecraft:baked_potato":98,"minecraft:melon_seeds":4,"minecraft:coal":84,"minecraft:hopper":1,"minecraft:ender_pearl":5},"minecraft:crafted":{"mutantmonsters:mutant_skeleton_leggings":1,"minecraft:oak_planks":552,"minecraft:cobblestone_slab":6,"fantasyfurniture:furniture_station":1,"minecraft:cherry_boat":1,"minecraft:bookshelf":17,"weaponmaster:workstation":1,"mutantmonsters:mutant_skeleton_arms":1,"minecraft:glass":104,"minecraft:hopper":1,"minecraft:bow":24,"minecraft:iron_boots":1,"mutantmonsters:mutant_skeleton_boots":1,"minecraft:chest":17,"mutantmonsters:mutant_skeleton_rib_cage":1,"weaponmaster:weaponkit":1,"minecraft:diamond_axe":1,"minecraft:crafting_table":11,"minecraft:wooden_pickaxe":1,"minecraft:iron_helmet":1,"minecraft:baked_potato":77,"travelersbackpack:standard":1,"minecraft:red_wool":2,"travelersbackpack:red_sleeping_bag":1,"minecraft:lectern":1,"minecraft:iron_chestplate":1,"minecraft:diamond_pickaxe":1,"minecraft:shield":1,"minecraft:stick":92,"minecraft:iron_ingot":72,"minecraft:iron_pickaxe":2,"minecraft:iron_block":3,"minecraft:stone_sword":5,"minecraft:cherry_planks":184,"minecraft:oak_door":3,"minecraft:coal":288,"minecraft:stone_shovel":3,"minecraft:bone_meal":384,"minecraft:oak_trapdoor":4,"mutantmonsters:mutant_skeleton_chestplate":1,"minecraft:iron_axe":1,"minecraft:ladder":12,"minecraft:iron_hoe":4,"minecraft:stone_pickaxe":3,"minecraft:wheat":576,"minecraft:red_dye":2,"minecraft:enchanting_table":1,"travelersbackpack:backpack_tank":2,"minecraft:bucket":2,"minecraft:stone_axe":4,"minecraft:bread":108,"minecraft:air":0,"minecraft:white_wool":3,"minecraft:iron_leggings":1,"minecraft:anvil":1,"minecraft:torch":52},"minecraft:killed_by":{"mutantmonsters:mutant_creeper":1}},"DataVersion":3463}