{"stats":{"minecraft:mined":{"minecraft:dark_prismarine_stairs":5,"minecraft:white_bed":3,"fantasyfurniture:nordic/chest":1,"minecraft:cherry_log":46,"minecraft:obsidian":208,"minecraft:warped_stairs":16,"minecraft:potted_dead_bush":1,"minecraft:granite":37,"minecraft:chiseled_polished_blackstone":12,"minecraft:stone_brick_wall":10,"minecraft:deepslate_bricks":26,"minecraft:coal_block":46,"minecraft:deepslate_tile_stairs":1,"minecraft:green_concrete":1,"minecraft:oxeye_daisy":1,"minecraft:hopper":5,"minecraft:oak_wall_sign":4,"minecraft:nether_wart":24,"minecraft:chiseled_stone_bricks":1,"minecraft:spawner":4,"minecraft:polished_blackstone_bricks":219,"minecraft:weeping_vines_plant":2,"minecraft:tall_seagrass":2,"minecraft:magma_block":4,"minecraft:barrel":7,"minecraft:cobbled_deepslate":32,"minecraft:fire":92,"fantasyfurniture:royal/bed_double":1,"minecraft:moss_carpet":1,"minecraft:pumpkin":6,"minecraft:deepslate_lapis_ore":21,"minecraft:enchanting_table":2,"minecraft:sculk_shrieker":2,"minecraft:dirt_path":9,"minecraft:oak_stairs":163,"minecraft:deepslate_brick_stairs":4,"weaponmaster:workstation":9,"minecraft:pink_tulip":2,"minecraft:iron_block":4,"minecraft:white_banner":1,"minecraft:tripwire":1,"minecraft:kelp_plant":1,"minecraft:smoker":3,"minecraft:deepslate_brick_wall":2,"minecraft:crimson_nylium":96,"minecraft:soul_fire":5,"minecraft:powder_snow":10,"minecraft:torch":11,"minecraft:blast_furnace":14,"minecraft:oxidized_copper":3,"minecraft:polished_andesite_stairs":1,"minecraft:spruce_wall_sign":1,"minecraft:white_candle":4,"minecraft:cyan_bed":10,"minecraft:sugar_cane":19,"minecraft:skeleton_skull":5,"minecraft:polished_diorite_stairs":1,"minecraft:chain":14,"mutantmonsters:mutant_skeleton_skull":2,"minecraft:wheat":29,"minecraft:stone_brick_stairs":29,"minecraft:grass":588,"minecraft:loom":18,"minecraft:deepslate":740,"minecraft:suspicious_gravel":2,"fantasyfurniture:bone/wither/stool":1,"minecraft:sea_lantern":4,"minecraft:warped_door":1,"minecraft:dark_oak_fence":3,"minecraft:spruce_fence":13,"minecraft:crimson_roots":5,"minecraft:redstone_wire":4,"minecraft:moss_block":3,"minecraft:redstone_ore":6,"minecraft:polished_blackstone_button":1,"minecraft:andesite":132,"minecraft:potatoes":528,"minecraft:vine":6,"minecraft:cobblestone_slab":6,"minecraft:potted_spruce_sapling":2,"minecraft:warped_trapdoor":32,"minecraft:bone_block":100,"minecraft:white_wool":8,"minecraft:smithing_table":8,"minecraft:oak_slab":120,"minecraft:glass_pane":8,"minecraft:stone_brick_slab":11,"minecraft:dandelion":9,"minecraft:polished_blackstone_brick_wall":21,"minecraft:cornflower":1,"minecraft:emerald_ore":1,"minecraft:campfire":2,"minecraft:tall_grass":120,"minecraft:copper_ore":11,"minecraft:deepslate_gold_ore":3,"minecraft:cracked_deepslate_bricks":1,"minecraft:diorite":94,"minecraft:coarse_dirt":3,"minecraft:cobblestone_wall":2,"minecraft:white_carpet":1,"minecraft:birch_leaves":3,"minecraft:dark_prismarine_slab":50,"minecraft:sunflower":2,"minecraft:gravel":114,"minecraft:cobweb":39,"minecraft:polished_blackstone":44,"minecraft:spruce_fence_gate":2,"minecraft:stone_bricks":403,"minecraft:chipped_anvil":1,"minecraft:iron_trapdoor":2,"minecraft:spruce_planks":56,"minecraft:oak_sapling":5,"minecraft:cobbled_deepslate_stairs":24,"minecraft:andesite_stairs":20,"minecraft:cobblestone_stairs":33,"minecraft:sculk_vein":47,"minecraft:potted_blue_orchid":1,"minecraft:brewing_stand":1,"minecraft:spruce_trapdoor":16,"minecraft:grass_block":1795,"minecraft:cracked_polished_blackstone_bricks":103,"minecraft:soul_soil":3,"minecraft:polished_blackstone_brick_slab":20,"fantasyfurniture:necrolord/oven":1,"minecraft:composter":3,"minecraft:gilded_blackstone":34,"minecraft:smooth_stone":1,"minecraft:raw_iron_block":5,"minecraft:glowstone":6,"minecraft:sculk_catalyst":2,"minecraft:iron_ore":132,"minecraft:anvil":2,"minecraft:azure_bluet":2,"minecraft:dark_oak_stairs":2,"minecraft:red_tulip":2,"minecraft:iron_bars":15,"fantasyfurniture:bone/wither/door_double":4,"minecraft:black_candle":2,"minecraft:spruce_slab":17,"minecraft:deepslate_redstone_ore":7,"minecraft:polished_blackstone_wall":4,"minecraft:blackstone":236,"minecraft:clay":73,"minecraft:calcite":5,"minecraft:chest":17,"minecraft:mushroom_stem":9,"minecraft:nether_quartz_ore":45,"minecraft:cobblestone":1146,"minecraft:grindstone":6,"minecraft:oak_planks":441,"minecraft:iron_door":3,"minecraft:wall_torch":26,"minecraft:cauldron":3,"minecraft:pink_petals":7,"minecraft:seagrass":2,"minecraft:stone_stairs":14,"minecraft:dark_oak_slab":6,"minecraft:warped_planks":1,"minecraft:yellow_wool":9,"minecraft:birch_log":4,"minecraft:orange_tulip":1,"minecraft:smooth_stone_slab":2,"minecraft:oak_log":1928,"minecraft:sand":548,"minecraft:dirt":911,"minecraft:ancient_debris":10,"minecraft:netherrack":4501,"minecraft:oak_leaves":711,"minecraft:nether_gold_ore":6,"minecraft:crying_obsidian":4,"minecraft:diamond_ore":3,"minecraft:tuff":438,"minecraft:deepslate_diamond_ore":37,"minecraft:candle":3,"minecraft:oak_door":12,"fantasyfurniture:furniture_station":1,"minecraft:lever":2,"minecraft:ladder":3,"minecraft:weeping_vines":2,"minecraft:white_stained_glass":1,"minecraft:brown_mushroom_block":90,"minecraft:soul_campfire":2,"minecraft:spruce_leaves":19,"minecraft:sandstone":2,"minecraft:crimson_stem":1,"minecraft:hay_block":96,"minecraft:deepslate_brick_slab":4,"minecraft:oak_trapdoor":31,"minecraft:furnace":18,"minecraft:gray_wall_banner":1,"minecraft:gold_block":84,"minecraft:bell":4,"minecraft:bookshelf":144,"minecraft:deepslate_iron_ore":128,"minecraft:lantern":8,"minecraft:stripped_oak_log":21,"minecraft:white_tulip":1,"minecraft:stone":4841,"minecraft:basalt":118,"minecraft:warped_fence":4,"minecraft:oak_fence":19,"minecraft:crafting_table":13,"minecraft:rose_bush":3,"minecraft:sculk_sensor":6,"minecraft:lectern":72,"minecraft:stone_slab":1,"minecraft:lapis_ore":13,"minecraft:polished_blackstone_brick_stairs":72,"minecraft:sculk":725,"minecraft:blue_bed":1,"minecraft:spruce_stairs":50,"minecraft:birch_planks":1,"minecraft:gray_wool":3,"minecraft:polished_blackstone_slab":1,"minecraft:bee_nest":5,"minecraft:yellow_bed":30,"minecraft:coal_ore":168,"minecraft:cherry_leaves":6,"minecraft:gray_carpet":2,"minecraft:polished_andesite":4,"minecraft:mossy_stone_bricks":4,"minecraft:warped_slab":59},"minecraft:killed":{"minecraft:cave_spider":4,"guardvillagers:guard":1,"weaponmaster:ability_skeleton_grenade_skeletons":92,"minecraft:skeleton":13179,"minecraft:chicken":13,"minecraft:skeleton_horse":4,"minecraft:magma_cube":8,"minecraft:iron_golem":1,"mutantmonsters:mutant_skeleton":15,"minecraft:pillager":248,"minecraft:zombie":466,"mutantmonsters:mutant_creeper":4,"takesapillage:archer":87,"minecraft:cow":42,"minecraft:evoker":30,"minecraft:vindicator":162,"minecraft:horse":24,"minecraft:warden":1,"minecraft:rabbit":2,"minecraft:wandering_trader":3,"minecraft:ravager":34,"mutantmonsters:creeper_minion":6,"minecraft:enderman":22,"minecraft:zombified_piglin":40,"minecraft:witch":45,"minecraft:spider":173,"minecraft:bee":4,"minecraft:piglin_brute":31,"minecraft:wolf":2,"minecraft:piglin":63,"minecraft:pig":25,"minecraft:zombie_villager":6,"minecraft:creeper":166,"minecraft:sheep":30,"minecraft:trader_llama":8,"minecraft:ghast":1,"minecraft:blaze":11,"minecraft:vex":47,"takesapillage:legioner":46,"minecraft:slime":13,"minecraft:phantom":33,"takesapillage:clay_golem":3,"takesapillage:skirmisher":46,"minecraft:hoglin":18,"mutantmonsters:mutant_enderman":2,"mutantmonsters:mutant_zombie":11,"minecraft:villager":3},"minecraft:custom":{"minecraft:interact_with_crafting_table":244,"minecraft:open_barrel":50,"minecraft:bell_ring":248,"minecraft:eat_cake_slice":7,"minecraft:leave_game":64,"minecraft:time_since_death":1854252,"minecraft:damage_blocked_by_shield":1835,"minecraft:play_time":3264514,"minecraft:deaths":7,"minecraft:jump":36667,"minecraft:enchant_item":65,"minecraft:interact_with_furnace":197,"minecraft:play_record":2,"minecraft:traded_with_villager":489,"minecraft:sleep_in_bed":45,"minecraft:damage_dealt":51941,"minecraft:interact_with_smoker":4,"minecraft:use_cauldron":2,"minecraft:horse_one_cm":983866,"minecraft:interact_with_smithing_table":15,"minecraft:interact_with_anvil":14,"minecraft:inspect_hopper":58,"minecraft:target_hit":1,"minecraft:sneak_time":140911,"minecraft:interact_with_blast_furnace":5,"minecraft:total_world_time":3264514,"minecraft:interact_with_stonecutter":1,"minecraft:time_since_rest":124817,"minecraft:swim_one_cm":317618,"minecraft:fly_one_cm":11132303,"minecraft:open_chest":2960,"minecraft:fall_one_cm":1206524,"minecraft:animals_bred":12,"minecraft:damage_resisted":23118,"minecraft:sprint_one_cm":7438473,"minecraft:drop":3396,"minecraft:talked_to_villager":547,"minecraft:interact_with_brewingstand":19,"minecraft:walk_on_water_one_cm":200921,"minecraft:interact_with_loom":6,"minecraft:player_kills":10,"minecraft:crouch_one_cm":702112,"minecraft:mob_kills":15451,"minecraft:fill_cauldron":2,"minecraft:climb_one_cm":122847,"minecraft:walk_one_cm":6064523,"minecraft:raid_win":12,"minecraft:walk_under_water_one_cm":118621,"minecraft:boat_one_cm":328725,"minecraft:raid_trigger":13,"minecraft:interact_with_grindstone":29,"minecraft:damage_taken":28654,"minecraft:damage_absorbed":3066},"minecraft:dropped":{"minecraft:iron_sword":3,"minecraft:porkchop":10,"minecraft:lapis_lazuli":64,"minecraft:cooked_beef":1,"minecraft:chorus_fruit":3,"minecraft:glass_bottle":21,"minecraft:cooked_porkchop":125,"minecraft:orange_tulip":1,"minecraft:crossbow":17,"minecraft:saddle":1,"weaponmaster:wm_broadsword":1,"mutantmonsters:mutant_skeleton_shoulder_pad":2,"minecraft:leather_helmet":3,"minecraft:emerald":18,"minecraft:gold_block":1,"minecraft:dirt":663,"minecraft:dark_oak_fence":1,"magistuarmory:rusted_bastardsword":61,"minecraft:gold_nugget":89,"minecraft:bone_meal":6,"minecraft:bone_block":9,"minecraft:phantom_membrane":6,"minecraft:sugar":11,"magistuarmory:corruptedroundshield":47,"minecraft:white_wool":9,"minecraft:bone":20918,"magistuarmory:rustedchainmail_leggings":102,"minecraft:golden_chestplate":9,"minecraft:cooked_chicken":170,"minecraft:cobbled_deepslate":161,"minecraft:obsidian":48,"minecraft:rotten_flesh":264,"minecraft:oak_planks":167,"weaponmaster:taglockkit":4,"minecraft:glowstone_dust":7,"minecraft:echo_shard":1,"weaponmaster:weaponkit":5,"magistuarmory:kastenbrust_boots":1,"minecraft:leather_boots":7,"minecraft:ladder":5,"minecraft:leather_leggings":8,"minecraft:glass":12,"minecraft:beef":55,"minecraft:stone_brick_stairs":6,"minecraft:enchanted_book":6,"minecraft:iron_ingot":1,"minecraft:golden_boots":3,"minecraft:wheat_seeds":77,"minecraft:clock":2,"minecraft:cobbled_deepslate_stairs":17,"minecraft:feather":1,"minecraft:dark_prismarine_slab":24,"minecraft:iron_helmet":23,"minecraft:cobblestone":706,"minecraft:granite":10,"minecraft:polished_blackstone_button":5,"minecraft:chainmail_helmet":9,"travelersbackpack:creeper":1,"minecraft:warped_trapdoor":15,"magistuarmory:rustedcrusader_boots":50,"minecraft:oxeye_daisy":1,"minecraft:warped_slab":6,"minecraft:sculk":5,"minecraft:wooden_axe":2,"minecraft:diamond_helmet":2,"minecraft:potion":1,"minecraft:oak_stairs":9,"minecraft:white_banner":6,"magistuarmory:rustedbarbute":25,"minecraft:smooth_stone":1,"minecraft:chainmail_leggings":3,"minecraft:string":66,"minecraft:gray_carpet":1,"minecraft:soul_soil":2,"magistuarmory:pantyhose":2,"minecraft:bowl":5,"minecraft:stone_shovel":1,"minecraft:experience_bottle":1,"minecraft:clay_ball":145,"minecraft:stone_slab":5,"minecraft:shears":1,"minecraft:pumpkin_seeds":1,"minecraft:diamond_sword":1,"minecraft:potato":1498,"minecraft:cobblestone_slab":4,"takesapillage:ravager_horn":8,"minecraft:flower_pot":1,"minecraft:allium":2,"minecraft:spruce_trapdoor":1,"mutantmonsters:mutant_skeleton_limb":7,"minecraft:yellow_bed":1,"minecraft:andesite_stairs":9,"mutantmonsters:mutant_skeleton_leggings":1,"minecraft:stone_bricks":9,"minecraft:spider_eye":42,"minecraft:sandstone":5,"minecraft:rabbit_stew":33,"minecraft:bow":786,"weaponmaster:wm_rapierlarge":1,"mutantmonsters:mutant_skeleton_skull":3,"mutantmonsters:mutant_skeleton_rib":2,"minecraft:brown_mushroom":17,"minecraft:dark_oak_stairs":1,"minecraft:diamond_axe":5,"minecraft:oak_log":10,"minecraft:baked_potato":86,"magistuarmory:rustedcrusader_chestplate":32,"travelersbackpack:bee":2,"minecraft:lantern":5,"minecraft:leather":31,"magistuarmory:rustednorman_helmet":18,"minecraft:polished_blackstone_brick_wall":7,"minecraft:cobblestone_stairs":4,"minecraft:flint":4,"minecraft:cracked_polished_blackstone_bricks":1,"minecraft:polished_blackstone_brick_stairs":22,"minecraft:cornflower":1,"minecraft:mutton":22,"minecraft:birch_log":3,"minecraft:gold_ingot":20,"minecraft:gravel":16,"travelersbackpack:ocelot":1,"mutantmonsters:mutant_skeleton_pelvis":1,"minecraft:beetroot":2,"travelersbackpack:pig":2,"minecraft:carrot":2,"minecraft:chainmail_chestplate":20,"minecraft:leather_chestplate":9,"minecraft:gunpowder":45,"minecraft:skeleton_skull":1,"minecraft:stone_brick_wall":12,"minecraft:melon_seeds":4,"minecraft:chest":4,"minecraft:chainmail_boots":4,"magistuarmory:rustedchainmail_chestplate":33,"minecraft:basalt":52,"minecraft:iron_bars":1,"minecraft:arrow":35684,"magistuarmory:rustedchainmail_boots":52,"minecraft:quartz":1,"minecraft:netherrack":961,"minecraft:stone_hoe":12,"minecraft:oak_slab":3,"magistuarmory:rustedkettlehat":20,"minecraft:golden_helmet":11,"weaponmaster:tutorialbook":1,"minecraft:diamond_leggings":3,"minecraft:spruce_stairs":1,"minecraft:grass_block":3,"magistuarmory:rustedgreathelm":25,"minecraft:stick":72,"fantasyfurniture:bone/wither/door_double":1,"minecraft:diorite":17,"minecraft:warped_stairs":3,"minecraft:torch":39,"minecraft:zombie_head":2,"minecraft:iron_leggings":14,"minecraft:iron_axe":10,"minecraft:bucket":1,"minecraft:dandelion":3,"minecraft:redstone":29,"minecraft:kelp":1,"travelersbackpack:diamond":1,"minecraft:oak_trapdoor":6,"minecraft:dark_prismarine_stairs":2,"minecraft:coarse_dirt":3,"minecraft:raw_copper":44,"minecraft:tuff":45,"minecraft:raw_iron":2,"minecraft:sculk_sensor":4,"magistuarmory:rustedhalfarmor_chestplate":29,"minecraft:light_gray_wool":1,"weaponmaster:wm_broadswordlarge":2,"minecraft:totem_of_undying":2,"minecraft:glass_pane":1,"minecraft:flint_and_steel":1,"mutantmonsters:mutant_skeleton_chestplate":1,"minecraft:filled_map":1,"minecraft:shield":17,"magistuarmory:rustedchainmail_helmet":27,"minecraft:diamond_chestplate":3,"minecraft:andesite":50,"minecraft:mossy_stone_bricks":2,"minecraft:golden_leggings":10,"minecraft:oak_sapling":6,"minecraft:diamond_boots":2,"minecraft:stone_pickaxe":1,"minecraft:wooden_pickaxe":6,"fantasyfurniture:venthyr/chandelier":1},"minecraft:used":{"minecraft:moss_block":1,"magistuarmory:rustedchainmail_boots":1,"minecraft:polished_blackstone":14,"minecraft:ladder":8,"minecraft:chest":100,"minecraft:stone":2,"travelersbackpack:diamond":1,"minecraft:rotten_flesh":8,"minecraft:allium":2,"fantasyfurniture:dunmer/cushion":4,"magistuarmory:messer_sword":30,"mutantmonsters:mutant_creeper_spawn_egg":2,"minecraft:lava_bucket":21,"minecraft:grass_block":1040,"mutantmonsters:creeper_minion_spawn_egg":1,"weaponmaster:wm_broadsword":159,"minecraft:rabbit_stew":3,"minecraft:bow":137,"minecraft:oak_sapling":92,"mutantmonsters:hulk_hammer":22,"minecraft:furnace":18,"guardvillagers:guard_spawn_egg":1,"minecraft:egg":5,"minecraft:potato":701,"minecraft:mossy_stone_bricks":1,"minecraft:diorite":2,"minecraft:chorus_fruit":1,"weaponmaster:wm_rapierlarge":98,"minecraft:blackstone":62,"minecraft:wooden_pickaxe":3,"minecraft:sand":24,"minecraft:blast_furnace":15,"minecraft:netherite_helmet":4,"mutantmonsters:mutant_skeleton_skull":2,"minecraft:deepslate_tiles":2,"minecraft:crying_obsidian":7,"minecraft:lectern":73,"minecraft:oak_pressure_plate":2,"fantasyfurniture:decorations/potion_bottles":5,"minecraft:diamond_sword":6,"minecraft:wooden_sword":10,"minecraft:smithing_table":9,"minecraft:oak_boat":5,"travelersbackpack:sandstone":1,"minecraft:oak_trapdoor":17,"minecraft:polished_blackstone_brick_slab":1,"minecraft:enchanting_table":3,"minecraft:stone_sword":553,"fantasyfurniture:bone/wither/door_double":4,"minecraft:netherrack":1150,"minecraft:torch":200,"minecraft:brewing_stand":2,"minecraft:anvil":4,"easy_npc:humanoid_slim_spawn_egg":1,"fantasyfurniture:decorations/royal_platter":48,"minecraft:oak_fence_gate":2,"minecraft:iron_block":4,"minecraft:iron_axe":150,"mutantmonsters:creeper_shard":5,"travelersbackpack:cactus":2,"minecraft:diamond_chestplate":12,"minecraft:basalt":44,"minecraft:iron_trapdoor":3,"fantasyfurniture:dunmer/wall_light":2,"minecraft:cobbled_deepslate":93,"minecraft:water_bucket":193,"mutantmonsters:mutant_skeleton_leggings":1,"minecraft:cherry_planks":83,"minecraft:cauldron":2,"travelersbackpack:coal":1,"minecraft:horse_spawn_egg":2,"minecraft:polished_blackstone_bricks":53,"minecraft:crafting_table":34,"minecraft:oak_slab":314,"minecraft:white_bed":6,"minecraft:campfire":1,"fantasyfurniture:necrolord/counter":1,"minecraft:oak_log":929,"minecraft:diamond_pickaxe":2203,"minecraft:warped_trapdoor":7,"minecraft:diamond_shovel":3341,"travelersbackpack:bookshelf":3,"minecraft:sunflower":1,"minecraft:iron_pickaxe":488,"minecraft:oak_button":5,"minecraft:suspicious_stew":1,"minecraft:spruce_trapdoor":1,"fantasyfurniture:furniture_station":4,"minecraft:chiseled_stone_bricks":3,"minecraft:cobblestone":3327,"minecraft:potion":7,"travelersbackpack:standard":1,"minecraft:cooked_porkchop":74,"minecraft:porkchop":5,"minecraft:glass_pane":55,"minecraft:jukebox":2,"minecraft:diamond_leggings":2,"minecraft:moss_carpet":2,"minecraft:bone_block":299,"travelersbackpack:lapis":3,"minecraft:oak_sign":12,"magistuarmory:rustednorman_helmet":1,"minecraft:bell":8,"travelersbackpack:pig":4,"minecraft:tuff":49,"minecraft:obsidian":177,"fantasyfurniture:decorations/brewing_cauldron":1,"minecraft:lantern":41,"mutantmonsters:mutant_enderman_spawn_egg":1,"minecraft:stone_bricks":127,"minecraft:hay_block":1,"takesapillage:bastille_blues_music_disc":2,"fantasyfurniture:venthyr/chandelier":2,"travelersbackpack:spider":4,"minecraft:chiseled_polished_blackstone":10,"minecraft:diamond_boots":1,"minecraft:stone_pickaxe":155,"minecraft:gray_carpet":1,"minecraft:oak_planks":1674,"travelersbackpack:iron_golem":3,"fantasyfurniture:nordic/desk_left":1,"minecraft:diamond_axe":3753,"minecraft:blue_bed":6,"fantasyfurniture:royal/wall_light":1,"minecraft:white_wool":2,"minecraft:loom":28,"travelersbackpack:bee":4,"minecraft:crossbow":1,"weaponmaster:wm_broadswordlarge":244,"minecraft:lingering_potion":86,"magistuarmory:noble_sword":16,"minecraft:shears":108,"magistuarmory:rustedgreathelm":1,"minecraft:lever":3,"minecraft:bread":180,"minecraft:heavy_weighted_pressure_plate":1,"minecraft:cyan_bed":8,"minecraft:string":9,"minecraft:iron_door":4,"minecraft:deepslate":5,"fantasyfurniture:bone/wither/wool":1,"minecraft:grindstone":7,"minecraft:andesite":5,"minecraft:bone_meal":1135,"minecraft:cobweb":1,"minecraft:experience_bottle":7,"minecraft:cherry_boat":2,"minecraft:oak_fence":92,"minecraft:flint_and_steel":104,"minecraft:stone_shovel":157,"fantasyfurniture:necrolord/oven":2,"minecraft:spruce_planks":5,"weaponmaster:workstation":26,"minecraft:cooked_chicken":30,"minecraft:oak_door":20,"minecraft:dirt":201,"minecraft:hopper":19,"minecraft:spruce_stairs":29,"minecraft:granite":7,"minecraft:spruce_fence":1,"fantasyfurniture:venthyr/wall_light":5,"minecraft:iron_hoe":872,"minecraft:stone_brick_slab":4,"minecraft:wooden_axe":1,"minecraft:bookshelf":59,"minecraft:oak_stairs":449,"minecraft:polished_blackstone_brick_stairs":34,"fantasyfurniture:nordic/chest":5,"travelersbackpack:sponge":10,"minecraft:netherite_pickaxe":12609,"travelersbackpack:cake":3,"minecraft:enchanted_golden_apple":13,"minecraft:pumpkin":1,"fantasyfurniture:bone/wither/stool":1,"fantasyfurniture:decorations/royal_crown":1,"minecraft:cobblestone_stairs":8,"minecraft:glass_bottle":9,"minecraft:baked_potato":299,"minecraft:brown_mushroom":4,"minecraft:vindicator_spawn_egg":30,"minecraft:cobblestone_slab":11,"magistuarmory:iron_target":69,"minecraft:smoker":3,"minecraft:apple":9,"minecraft:cracked_polished_blackstone_bricks":33,"fantasyfurniture:royal/bed_double":1,"minecraft:stone_axe":409,"minecraft:white_banner":6,"minecraft:bucket":212,"fantasyfurniture:decorations/coin_stack_gold":2,"minecraft:pumpkin_pie":2,"minecraft:yellow_bed":29,"takesapillage:ravager_horn":20,"minecraft:smooth_stone":12,"minecraft:splash_potion":7},"minecraft:broken":{"mutantmonsters:mutant_skeleton_chestplate":1,"minecraft:iron_boots":1,"takesapillage:ravager_horn":11,"minecraft:iron_hoe":3,"minecraft:stone_sword":3,"minecraft:diamond_leggings":1,"minecraft:iron_pickaxe":2,"minecraft:iron_helmet":1,"mutantmonsters:mutant_skeleton_skull":1,"minecraft:stone_pickaxe":1,"minecraft:stone_axe":3,"minecraft:wooden_axe":1,"magistuarmory:rustedhalfarmor_chestplate":1,"minecraft:diamond_chestplate":1,"magistuarmory:crusader_boots":1},"minecraft:crafted":{"mutantmonsters:mutant_skeleton_leggings":3,"minecraft:smooth_stone":3,"minecraft:chainmail_helmet":5,"minecraft:oak_sign":15,"fantasyfurniture:furniture_station":1,"minecraft:blaze_powder":2,"minecraft:oak_pressure_plate":1,"minecraft:loom":19,"minecraft:lever":1,"minecraft:diamond_shovel":4,"minecraft:bookshelf":43,"weaponmaster:workstation":2,"minecraft:glass":152,"minecraft:diamond_helmet":12,"minecraft:diamond_leggings":12,"mutantmonsters:mutant_skeleton_boots":2,"minecraft:iron_door":3,"weaponmaster:weaponkit":9,"minecraft:glass_bottle":3,"minecraft:emerald":67,"minecraft:cooked_porkchop":570,"minecraft:diamond_axe":15,"magistuarmory:gazelle_horns_decoration":1,"travelersbackpack:standard":2,"minecraft:smithing_table":1,"minecraft:clock":1,"travelersbackpack:red_sleeping_bag":1,"minecraft:lectern":3,"minecraft:stone_slab":6,"minecraft:iron_pickaxe":2,"minecraft:iron_block":12,"minecraft:gold_ingot":54,"minecraft:netherite_ingot":3,"minecraft:rabbit_stew":33,"minecraft:stone_shovel":3,"minecraft:iron_nugget":162,"weaponmaster:taglockkit":3,"minecraft:diamond_hoe":3,"minecraft:yellow_bed":3,"minecraft:bone_meal":21750,"travelersbackpack:blank_upgrade":4,"travelersbackpack:gold_tier_upgrade":1,"minecraft:lantern":17,"minecraft:ladder":12,"minecraft:stone_pickaxe":4,"minecraft:diamond_boots":13,"travelersbackpack:spider":3,"minecraft:wheat":756,"minecraft:netherite_pickaxe":1,"minecraft:enchanting_table":1,"minecraft:blue_bed":5,"minecraft:deepslate_tiles":4,"minecraft:enchanted_book":15,"minecraft:oak_fence_gate":2,"minecraft:golden_apple":7,"minecraft:fermented_spider_eye":4,"minecraft:oak_stairs":316,"minecraft:iron_leggings":11,"minecraft:white_bed":8,"minecraft:grindstone":1,"minecraft:oak_planks":3780,"minecraft:cobblestone_slab":12,"minecraft:cherry_slab":6,"minecraft:cooked_chicken":384,"minecraft:cherry_boat":1,"minecraft:stone":38,"minecraft:cobblestone_stairs":12,"minecraft:heavy_weighted_pressure_plate":1,"mutantmonsters:mutant_skeleton_arms":2,"minecraft:hopper":15,"minecraft:bow":33,"minecraft:iron_boots":1,"minecraft:chest":99,"minecraft:netherite_helmet":1,"minecraft:oak_button":1,"mutantmonsters:mutant_skeleton_rib_cage":2,"minecraft:stone_hoe":12,"minecraft:stone_bricks":20,"minecraft:oak_fence":96,"minecraft:oak_slab":228,"travelersbackpack:iron_tier_upgrade":1,"minecraft:cauldron":1,"minecraft:crafting_table":29,"minecraft:wooden_pickaxe":1,"minecraft:baked_potato":478,"minecraft:iron_helmet":12,"minecraft:chainmail_chestplate":12,"minecraft:red_wool":2,"minecraft:brewing_stand":1,"minecraft:iron_chestplate":1,"minecraft:diamond_pickaxe":5,"minecraft:shield":13,"minecraft:stick":248,"minecraft:iron_ingot":449,"minecraft:stone_sword":5,"magistuarmory:griffin_decoration":1,"minecraft:deepslate_bricks":4,"minecraft:shears":2,"minecraft:cherry_planks":184,"minecraft:oak_door":15,"travelersbackpack:netherite_tier_upgrade":1,"minecraft:raw_iron":45,"minecraft:coal":288,"minecraft:furnace":6,"minecraft:blast_furnace":1,"minecraft:oak_trapdoor":12,"minecraft:glass_pane":160,"minecraft:flint_and_steel":3,"mutantmonsters:mutant_skeleton_chestplate":2,"minecraft:leather":4,"minecraft:polished_deepslate":4,"minecraft:iron_axe":4,"minecraft:iron_hoe":4,"minecraft:netherite_scrap":10,"travelersbackpack:diamond_tier_upgrade":1,"minecraft:sugar":4,"minecraft:red_dye":2,"minecraft:bone_block":2244,"minecraft:crimson_planks":4,"minecraft:diamond_sword":10,"minecraft:iron_trapdoor":2,"travelersbackpack:backpack_tank":4,"minecraft:bell":54,"minecraft:bucket":7,"minecraft:stone_axe":4,"minecraft:bread":108,"minecraft:air":0,"minecraft:blue_dye":5,"minecraft:oak_boat":4,"minecraft:white_wool":7,"minecraft:anvil":3,"minecraft:torch":292,"minecraft:diamond_chestplate":13},"minecraft:picked_up":{"minecraft:wooden_axe":3,"minecraft:chainmail_boots":5,"minecraft:flower_pot":2,"minecraft:anvil":5,"weaponmaster:wm_rapierlarge":1,"minecraft:smithing_table":8,"minecraft:lead":18,"minecraft:diamond_sword":3,"minecraft:oak_stairs":171,"minecraft:enchanted_book":7,"minecraft:brewing_stand":1,"minecraft:golden_sword":1,"minecraft:polished_blackstone_brick_stairs":56,"minecraft:string":171,"minecraft:soul_soil":2,"minecraft:beetroot":2,"minecraft:cherry_boat":2,"minecraft:diamond_leggings":7,"minecraft:gold_nugget":284,"minecraft:cobbled_deepslate":426,"minecraft:spruce_planks":21,"minecraft:warped_slab":6,"minecraft:enchanted_golden_apple":62,"minecraft:coal_block":46,"minecraft:golden_helmet":13,"minecraft:polished_blackstone_brick_slab":5,"minecraft:composter":2,"magistuarmory:rusted_heavymace":1,"minecraft:golden_axe":1,"minecraft:cherry_log":46,"magistuarmory:rustedcrusader_chestplate":9,"minecraft:rabbit_foot":1,"minecraft:golden_chestplate":2,"minecraft:warped_door":1,"minecraft:cauldron":2,"mutantmonsters:mutant_skeleton_pelvis":12,"travelersbackpack:iron":2,"minecraft:red_tulip":1,"minecraft:iron_block":4,"minecraft:bookshelf":25,"minecraft:blaze_rod":22,"takesapillage:bastille_blues_music_disc":2,"minecraft:iron_bars":3,"minecraft:birch_log":3,"minecraft:magma_block":1,"minecraft:oxidized_copper":1,"minecraft:feather":3,"minecraft:cooked_beef":1,"magistuarmory:rustedchainmail_boots":12,"minecraft:iron_door":3,"minecraft:water_bucket":2,"minecraft:smoker":3,"minecraft:flint":11,"travelersbackpack:ocelot":1,"fantasyfurniture:bone/wither/stool":1,"minecraft:lantern":31,"minecraft:chipped_anvil":1,"minecraft:rabbit":3,"minecraft:diamond_helmet":2,"minecraft:glowstone_dust":35,"minecraft:moss_block":2,"minecraft:chiseled_polished_blackstone":10,"fantasyfurniture:decorations/royal_platter":47,"mutantmonsters:mutant_skeleton_leggings":1,"minecraft:loom":18,"minecraft:barrel":3,"minecraft:iron_hoe":2,"minecraft:polished_andesite":1,"minecraft:white_candle":13,"minecraft:green_concrete":1,"weaponmaster:workstation":9,"minecraft:lever":2,"minecraft:granite":33,"minecraft:golden_horse_armor":1,"minecraft:chainmail_helmet":2,"minecraft:bread":10,"minecraft:dark_oak_fence":1,"minecraft:crimson_roots":12,"minecraft:diamond_pickaxe":2,"minecraft:coarse_dirt":1,"minecraft:crafting_table":12,"minecraft:bee_nest":3,"minecraft:nether_wart":23,"minecraft:clay_ball":461,"minecraft:cornflower":2,"minecraft:flint_and_steel":1,"travelersbackpack:pig":4,"minecraft:glass_pane":1,"travelersbackpack:lapis":2,"minecraft:beef":64,"minecraft:poppy":1,"minecraft:spruce_slab":13,"minecraft:chest":18,"minecraft:egg":17,"minecraft:sandstone":6,"minecraft:oak_door":14,"magistuarmory:rustedbarbute":8,"minecraft:spruce_fence":12,"travelersbackpack:cactus":3,"minecraft:carrot":12,"minecraft:redstone":70,"mutantmonsters:creeper_shard":1,"travelersbackpack:snow":1,"minecraft:stone_shovel":1,"minecraft:diamond_chestplate":2,"minecraft:deepslate_bricks":19,"weaponmaster:wm_broadsword":1,"minecraft:shears":1,"minecraft:diamond_boots":2,"minecraft:hay_block":96,"minecraft:gold_ingot":28,"minecraft:totem_of_undying":32,"minecraft:polished_blackstone":17,"minecraft:glow_berries":20,"minecraft:mutton":13,"minecraft:white_wool":25,"minecraft:bone_block":42,"minecraft:oxeye_daisy":2,"minecraft:stripped_oak_log":20,"magistuarmory:rustedhalfarmor_chestplate":10,"minecraft:clock":2,"magistuarmory:armet":1,"minecraft:filled_map":1,"mutantmonsters:mutant_skeleton_chestplate":3,"minecraft:oak_log":1894,"magistuarmory:noble_sword":1,"minecraft:ancient_debris":10,"minecraft:golden_boots":2,"mutantmonsters:mutant_skeleton_limb":97,"minecraft:blue_bed":1,"minecraft:white_banner":75,"travelersbackpack:sheep":3,"minecraft:apple":22,"minecraft:stone_bricks":145,"travelersbackpack:cake":2,"minecraft:kelp":1,"minecraft:stone_pickaxe":1,"minecraft:cobweb":37,"weaponmaster:tutorialbook":2,"minecraft:glass_bottle":33,"minecraft:iron_sword":8,"minecraft:gravel":90,"magistuarmory:rustednorman_helmet":4,"fantasyfurniture:decorations/brewing_cauldron":1,"magistuarmory:rustedchainmail_leggings":18,"minecraft:crying_obsidian":4,"minecraft:leather_helmet":1,"travelersbackpack:standard":1,"fantasyfurniture:bone/wither/door_double":5,"minecraft:slime_ball":22,"minecraft:stone_axe":1,"minecraft:diamond_axe":6,"minecraft:gray_wool":1,"minecraft:polished_blackstone_brick_wall":17,"minecraft:oak_button":4,"minecraft:baked_potato":124,"minecraft:melon_seeds":4,"minecraft:hopper":5,"minecraft:ender_pearl":6,"minecraft:wheat":142,"minecraft:iron_trapdoor":2,"minecraft:yellow_wool":9,"minecraft:potion":5,"minecraft:stone_brick_stairs":15,"travelersbackpack:spider":1,"minecraft:warped_stairs":3,"mutantmonsters:mutant_skeleton_skull":18,"minecraft:raw_copper":69,"travelersbackpack:diamond":2,"minecraft:iron_leggings":7,"minecraft:armor_stand":10,"minecraft:experience_bottle":6,"minecraft:zombie_head":3,"minecraft:oak_sign":12,"minecraft:smooth_stone":1,"minecraft:white_tulip":1,"minecraft:rose_bush":1,"minecraft:cobblestone_slab":16,"minecraft:ender_eye":9,"minecraft:iron_boots":2,"minecraft:furnace":18,"minecraft:stick":155,"minecraft:deepslate_brick_wall":2,"minecraft:oak_fence":19,"weaponmaster:weaponkit":2,"minecraft:torch":54,"minecraft:spruce_stairs":45,"minecraft:porkchop":66,"minecraft:diorite":108,"fantasyfurniture:furniture_station":1,"fantasyfurniture:necrolord/oven":1,"mutantmonsters:hulk_hammer":9,"minecraft:rotten_flesh":632,"fantasyfurniture:nordic/chest":1,"mutantmonsters:mutant_skeleton_shoulder_pad":24,"minecraft:deepslate_brick_stairs":4,"minecraft:obsidian":247,"minecraft:cobblestone":5758,"minecraft:enchanting_table":2,"minecraft:pink_petals":7,"minecraft:leather_chestplate":2,"minecraft:magma_cream":2,"minecraft:andesite":66,"minecraft:golden_leggings":5,"minecraft:potato":3004,"minecraft:tuff":181,"minecraft:warped_trapdoor":33,"minecraft:dirt":1736,"minecraft:lapis_lazuli":522,"minecraft:name_tag":1,"minecraft:leather_boots":1,"travelersbackpack:bookshelf":3,"minecraft:bone":10442,"minecraft:bow":297,"minecraft:orange_tulip":1,"minecraft:wheat_seeds":527,"minecraft:deepslate_brick_slab":4,"minecraft:raw_gold":5,"minecraft:bell":5,"minecraft:grindstone":6,"travelersbackpack:bee":5,"minecraft:mossy_stone_bricks":3,"minecraft:oak_planks":686,"minecraft:cooked_porkchop":55,"minecraft:music_disc_13":1,"minecraft:oak_pressure_plate":1,"minecraft:poisonous_potato":9,"minecraft:sand":450,"minecraft:dead_bush":1,"minecraft:grass_block":1344,"minecraft:cyan_bed":8,"weaponmaster:taglockkit":1,"minecraft:dark_prismarine_slab":25,"minecraft:spruce_fence_gate":2,"minecraft:sugar":18,"minecraft:diamond":69,"minecraft:polished_blackstone_pressure_plate":2,"minecraft:polished_blackstone_button":6,"minecraft:cracked_polished_blackstone_bricks":47,"magistuarmory:corruptedroundshield":14,"minecraft:crossbow":34,"minecraft:bone_meal":4,"minecraft:spruce_sign":4,"minecraft:emerald":1293,"minecraft:oak_sapling":169,"minecraft:netherrack":2797,"minecraft:chorus_fruit":23,"minecraft:oak_leaves":63,"minecraft:charcoal":4,"minecraft:azure_bluet":3,"minecraft:allium":8,"minecraft:splash_potion":1,"minecraft:ladder":9,"minecraft:rabbit_stew":14,"minecraft:brown_mushroom":40,"minecraft:wooden_pickaxe":7,"minecraft:stone_brick_wall":6,"minecraft:cooked_rabbit":1,"minecraft:gold_block":83,"minecraft:diamond_horse_armor":1,"minecraft:chain":13,"minecraft:shield":7,"minecraft:moss_carpet":2,"minecraft:oak_trapdoor":29,"minecraft:stone_stairs":3,"minecraft:iron_axe":18,"minecraft:item_frame":2,"takesapillage:ravager_horn":38,"minecraft:blackstone":131,"minecraft:blue_orchid":1,"minecraft:candle":6,"minecraft:dark_prismarine_stairs":2,"minecraft:echo_shard":2,"minecraft:andesite_stairs":10,"minecraft:oak_boat":4,"magistuarmory:knight_leggings":1,"magistuarmory:knight_boots":1,"minecraft:lectern":72,"minecraft:sugar_cane":34,"minecraft:phantom_membrane":48,"minecraft:spruce_trapdoor":12,"minecraft:raw_iron":405,"fantasyfurniture:venthyr/chandelier":1,"minecraft:bowl":3,"minecraft:polished_blackstone_bricks":103,"magistuarmory:rustedkettlehat":2,"minecraft:stone_button":3,"minecraft:stone_pressure_plate":8,"travelersbackpack:sponge":5,"weaponmaster:wm_broadswordlarge":3,"minecraft:weeping_vines":1,"minecraft:arrow":12273,"minecraft:pumpkin_pie":2,"mutantmonsters:mutant_skeleton_rib":65,"minecraft:saddle":4,"fantasyfurniture:royal/bed_double":1,"minecraft:skeleton_skull":14,"minecraft:basalt":145,"minecraft:crimson_stem":1,"travelersbackpack:melon":1,"minecraft:glow_ink_sac":2,"minecraft:salmon":1,"minecraft:leather":122,"minecraft:birch_planks":1,"minecraft:crimson_fungus":1,"minecraft:chainmail_chestplate":4,"minecraft:yellow_bed":30,"minecraft:cobbled_deepslate_stairs":17,"minecraft:gunpowder":250,"minecraft:cobblestone_stairs":6,"minecraft:gray_carpet":3,"magistuarmory:kastenbrust_boots":1,"minecraft:rabbit_hide":1,"minecraft:iron_ingot":16,"minecraft:cooked_chicken":52,"travelersbackpack:coal":1,"minecraft:book":486,"minecraft:oak_slab":132,"minecraft:black_candle":3,"minecraft:pumpkin":6,"magistuarmory:rustedchainmail_chestplate":4,"minecraft:chiseled_stone_bricks":6,"minecraft:stone_brick_slab":10,"minecraft:quartz":42,"minecraft:dandelion":13,"magistuarmory:knight_chestplate":1,"minecraft:raw_iron_block":5,"magistuarmory:pantyhose":3,"minecraft:amethyst_shard":4,"minecraft:soul_torch":15,"minecraft:blast_furnace":14,"minecraft:white_bed":3,"minecraft:spider_eye":116,"minecraft:pumpkin_seeds":8,"magistuarmory:rustedchainmail_helmet":6,"minecraft:music_disc_mall":2,"minecraft:sculk_sensor":4,"magistuarmory:rusted_bastardsword":10,"magistuarmory:rustedcrusader_boots":13,"minecraft:chainmail_leggings":2,"minecraft:iron_helmet":13,"mutantmonsters:mutant_skeleton_boots":1,"minecraft:cherry_sapling":4,"minecraft:coal":461,"minecraft:sunflower":1},"minecraft:killed_by":{"mutantmonsters:mutant_creeper":1}},"DataVersion":3463}