{"stats":{"minecraft:mined":{"minecraft:cobblestone":7,"minecraft:oak_planks":1,"minecraft:grass":31,"minecraft:white_banner":1},"minecraft:killed":{"minecraft:pig":2,"minecraft:spider":1,"minecraft:vindicator":1,"minecraft:wandering_trader":1,"weaponmaster:ability_skeleton_grenade_skeletons":9,"minecraft:sheep":1,"minecraft:skeleton":1652,"minecraft:trader_llama":2,"minecraft:zombie":5,"minecraft:chicken":6,"minecraft:cow":4},"minecraft:used":{"minecraft:baked_potato":16,"minecraft:oak_planks":2,"minecraft:cooked_chicken":6,"minecraft:mutton":1,"travelersbackpack:pig":1,"weaponmaster:wm_broadswordlarge":3,"minecraft:bread":11,"weaponmaster:wm_broadsword":32,"magistuarmory:crusader_boots":1,"minecraft:cobblestone":21,"minecraft:beef":3,"minecraft:white_banner":1,"minecraft:furnace":1,"travelersbackpack:cake":1,"minecraft:yellow_bed":1,"minecraft:egg":1,"minecraft:cooked_beef":1,"minecraft:potato":6,"minecraft:golden_pickaxe":7},"minecraft:dropped":{"minecraft:wheat_seeds":6,"minecraft:cooked_beef":5,"minecraft:tuff":1,"minecraft:wheat":1,"minecraft:cobblestone":27,"minecraft:rotten_flesh":3,"minecraft:oak_planks":2,"minecraft:spruce_stairs":8,"minecraft:stick":3,"minecraft:oak_sapling":1,"minecraft:dead_bush":1,"minecraft:spider_eye":2,"minecraft:bone_meal":263,"minecraft:phantom_membrane":3,"minecraft:arrow":3457,"minecraft:bow":122,"travelersbackpack:cake":1,"minecraft:magma_block":1,"minecraft:bone":1204},"minecraft:custom":{"minecraft:interact_with_furnace":6,"minecraft:mob_kills":1686,"minecraft:inspect_hopper":1,"minecraft:interact_with_crafting_table":33,"minecraft:bell_ring":6,"minecraft:leave_game":6,"minecraft:time_since_death":2753,"minecraft:climb_one_cm":21086,"minecraft:time_since_rest":2784,"minecraft:sprint_one_cm":154614,"minecraft:damage_taken":3522,"minecraft:walk_one_cm":223734,"minecraft:drop":856,"minecraft:damage_dealt":13,"minecraft:fly_one_cm":265841,"minecraft:raid_win":1,"minecraft:open_chest":91,"minecraft:crouch_one_cm":2333,"minecraft:play_time":164605,"minecraft:deaths":6,"minecraft:sneak_time":2202,"minecraft:jump":1373,"minecraft:enchant_item":1,"minecraft:walk_on_water_one_cm":5118,"minecraft:total_world_time":164605,"minecraft:fall_one_cm":36309,"minecraft:horse_one_cm":167952},"minecraft:picked_up":{"minecraft:feather":18,"magistuarmory:rustedhalfarmor_chestplate":5,"travelersbackpack:melon":3,"minecraft:chicken":12,"magistuarmory:iron_target":1,"minecraft:golden_pickaxe":2,"minecraft:leather":21,"minecraft:lead":2,"minecraft:potato":8,"minecraft:gold_block":4,"minecraft:diamond_horse_armor":4,"minecraft:lapis_lazuli":127,"minecraft:string":18,"minecraft:white_banner":4,"mutantmonsters:mutant_skeleton_skull":6,"minecraft:iron_axe":1,"minecraft:bone":2264,"travelersbackpack:pig":4,"travelersbackpack:cake":5,"travelersbackpack:redstone":5,"minecraft:bow":197,"minecraft:wheat_seeds":5,"minecraft:bucket":2,"minecraft:beef":18,"magistuarmory:crusader_boots":5,"minecraft:cooked_chicken":8,"weaponmaster:tutorialbook":6,"travelersbackpack:bee":5,"minecraft:oak_planks":4,"minecraft:phantom_membrane":7,"minecraft:egg":1,"minecraft:golden_helmet":9,"minecraft:stick":13,"weaponmaster:weaponkit":1,"minecraft:porkchop":4,"magistuarmory:pantyhose":5,"minecraft:spider_eye":10,"weaponmaster:wm_broadswordlarge":1,"minecraft:arrow":1811,"minecraft:stone_shovel":2,"minecraft:rotten_flesh":11,"minecraft:bone_meal":313,"minecraft:bread":14,"minecraft:saddle":3,"minecraft:gold_ingot":39,"minecraft:emerald":26,"minecraft:baked_potato":232,"minecraft:mutton":4,"minecraft:white_wool":2,"minecraft:bone_block":63,"minecraft:cobblestone":266},"minecraft:crafted":{"minecraft:cooked_beef":6,"minecraft:bone_block":2808,"minecraft:cooked_chicken":6,"minecraft:furnace":1,"minecraft:golden_pickaxe":1,"minecraft:bone_meal":25230,"minecraft:air":0,"minecraft:bow":23},"minecraft:killed_by":{"minecraft:player":6}},"DataVersion":3463}