{"stats":{"minecraft:crafted":{"minecraft:cooked_beef":6,"minecraft:bone_block":2808,"minecraft:cooked_chicken":6,"minecraft:furnace":1,"minecraft:golden_pickaxe":1,"minecraft:bone_meal":25230,"minecraft:air":0,"minecraft:bow":23},"minecraft:dropped":{"minecraft:wheat_seeds":6,"minecraft:cooked_beef":5,"weaponmaster:tutorialbook":1,"minecraft:tuff":1,"minecraft:wheat":1,"minecraft:feather":9,"minecraft:cobblestone":27,"minecraft:rotten_flesh":7,"minecraft:oak_planks":2,"weaponmaster:wm_broadswordlarge":1,"minecraft:spruce_stairs":8,"minecraft:stick":3,"minecraft:oak_sapling":1,"minecraft:dead_bush":1,"minecraft:spider_eye":7,"minecraft:bone_meal":263,"minecraft:phantom_membrane":3,"minecraft:arrow":4635,"minecraft:bow":196,"travelersbackpack:cake":1,"minecraft:string":9,"minecraft:magma_block":1,"minecraft:bone":2273},"minecraft:killed_by":{"minecraft:player":6},"minecraft:used":{"minecraft:oak_planks":2,"minecraft:baked_potato":23,"minecraft:rotten_flesh":1,"minecraft:cooked_chicken":6,"minecraft:mutton":1,"travelersbackpack:bee":1,"travelersbackpack:pig":1,"weaponmaster:wm_broadswordlarge":5,"minecraft:bread":11,"weaponmaster:wm_broadsword":32,"magistuarmory:crusader_boots":1,"minecraft:cobblestone":30,"minecraft:beef":3,"minecraft:white_banner":1,"minecraft:furnace":1,"minecraft:cooked_beef":1,"minecraft:yellow_bed":1,"travelersbackpack:cake":1,"minecraft:egg":1,"minecraft:potato":6,"travelersbackpack:redstone":1,"minecraft:golden_pickaxe":28},"minecraft:picked_up":{"magistuarmory:rustedhalfarmor_chestplate":5,"minecraft:feather":18,"magistuarmory:iron_target":1,"minecraft:chicken":12,"travelersbackpack:melon":3,"minecraft:golden_pickaxe":2,"minecraft:leather":21,"minecraft:lead":2,"minecraft:potato":8,"minecraft:gold_block":4,"minecraft:diamond_horse_armor":4,"minecraft:lapis_lazuli":127,"minecraft:string":18,"minecraft:white_banner":4,"mutantmonsters:mutant_skeleton_skull":6,"minecraft:iron_axe":1,"minecraft:bone":3248,"travelersbackpack:pig":4,"travelersbackpack:cake":5,"minecraft:bow":252,"travelersbackpack:redstone":5,"minecraft:wheat_seeds":5,"minecraft:bucket":2,"minecraft:beef":18,"magistuarmory:crusader_boots":5,"minecraft:cooked_chicken":8,"weaponmaster:tutorialbook":6,"travelersbackpack:bee":5,"minecraft:oak_planks":4,"minecraft:phantom_membrane":7,"minecraft:egg":1,"minecraft:golden_helmet":9,"minecraft:stick":13,"weaponmaster:weaponkit":1,"minecraft:porkchop":4,"magistuarmory:pantyhose":5,"minecraft:spider_eye":10,"weaponmaster:wm_broadswordlarge":2,"minecraft:arrow":2880,"minecraft:stone_shovel":2,"minecraft:rotten_flesh":14,"minecraft:emerald":26,"minecraft:bone_meal":313,"minecraft:saddle":3,"minecraft:gold_ingot":39,"minecraft:bread":14,"minecraft:baked_potato":232,"minecraft:coal":13,"minecraft:mutton":4,"minecraft:bone_block":63,"minecraft:white_wool":2,"minecraft:cobblestone":271},"minecraft:killed":{"minecraft:pig":2,"minecraft:vindicator":1,"minecraft:spider":1,"minecraft:wandering_trader":1,"weaponmaster:ability_skeleton_grenade_skeletons":13,"minecraft:sheep":1,"minecraft:skeleton":2047,"minecraft:trader_llama":2,"minecraft:zombie":7,"minecraft:chicken":6,"minecraft:cow":4},"minecraft:custom":{"minecraft:interact_with_furnace":6,"minecraft:mob_kills":2087,"minecraft:inspect_hopper":1,"minecraft:interact_with_crafting_table":33,"minecraft:bell_ring":6,"minecraft:leave_game":9,"minecraft:time_since_death":29401,"minecraft:climb_one_cm":30802,"minecraft:time_since_rest":29432,"minecraft:sprint_one_cm":195537,"minecraft:damage_taken":3823,"minecraft:walk_one_cm":277429,"minecraft:drop":998,"minecraft:damage_dealt":13,"minecraft:fly_one_cm":302167,"minecraft:raid_win":1,"minecraft:open_chest":91,"minecraft:crouch_one_cm":3917,"minecraft:play_time":191253,"minecraft:deaths":6,"minecraft:sneak_time":2780,"minecraft:jump":1630,"minecraft:walk_on_water_one_cm":5118,"minecraft:enchant_item":1,"minecraft:total_world_time":191253,"minecraft:fall_one_cm":41981,"minecraft:horse_one_cm":167952},"minecraft:mined":{"minecraft:cobblestone":13,"minecraft:oak_planks":1,"minecraft:grass":33,"minecraft:coal_ore":13,"minecraft:stone":2,"minecraft:white_banner":1}},"DataVersion":3463}