{"stats":{"minecraft:mined":{"minecraft:white_banner":1,"minecraft:stone":2,"minecraft:tall_grass":1,"minecraft:cobblestone":14,"minecraft:oak_planks":1,"minecraft:grass":37,"minecraft:coal_ore":13},"minecraft:used":{"magistuarmory:corruptedroundshield":3,"magistuarmory:rustedchainmail_boots":1,"minecraft:rotten_flesh":1,"minecraft:cooked_chicken":6,"minecraft:mutton":1,"travelersbackpack:pig":1,"minecraft:tuff":4,"weaponmaster:wm_broadsword":32,"magistuarmory:crusader_boots":1,"minecraft:stone_brick_stairs":1,"minecraft:bow":52,"minecraft:beef":3,"minecraft:furnace":1,"travelersbackpack:cake":2,"minecraft:egg":1,"minecraft:cooked_beef":1,"minecraft:potato":6,"travelersbackpack:redstone":1,"minecraft:baked_potato":33,"minecraft:oak_planks":2,"travelersbackpack:bee":1,"weaponmaster:wm_broadswordlarge":10,"magistuarmory:rustedchainmail_helmet":1,"minecraft:bread":11,"minecraft:string":1,"minecraft:warped_slab":1,"minecraft:cobblestone":60,"minecraft:white_banner":1,"minecraft:cooked_porkchop":7,"minecraft:andesite_stairs":1,"minecraft:yellow_bed":1,"takesapillage:ravager_horn":1,"minecraft:golden_pickaxe":30},"minecraft:picked_up":{"minecraft:iron_chestplate":3,"minecraft:chicken":12,"minecraft:golden_pickaxe":5,"minecraft:leather_leggings":1,"minecraft:lead":2,"minecraft:diamond_sword":1,"minecraft:potion":2,"minecraft:gold_block":7,"minecraft:diamond_horse_armor":4,"minecraft:stone_brick_stairs":1,"minecraft:string":22,"minecraft:iron_axe":1,"mutantmonsters:mutant_skeleton_skull":9,"takesapillage:ravager_horn":4,"travelersbackpack:pig":7,"travelersbackpack:redstone":8,"minecraft:diamond_leggings":3,"minecraft:bucket":2,"minecraft:andesite_stairs":1,"minecraft:beef":18,"magistuarmory:crusader_boots":5,"minecraft:warped_slab":19,"minecraft:phantom_membrane":7,"minecraft:egg":1,"minecraft:golden_helmet":9,"minecraft:stick":19,"weaponmaster:weaponkit":1,"magistuarmory:rustedbarbute":4,"minecraft:porkchop":4,"magistuarmory:rustedkettlehat":3,"minecraft:stone_button":1,"minecraft:diorite":3,"magistuarmory:rustedcrusader_chestplate":5,"weaponmaster:wm_broadswordlarge":3,"minecraft:diamond_chestplate":3,"minecraft:arrow":4076,"minecraft:stone_shovel":2,"minecraft:rotten_flesh":24,"minecraft:diamond_boots":3,"minecraft:gold_ingot":46,"minecraft:saddle":5,"minecraft:totem_of_undying":5,"minecraft:mutton":4,"minecraft:bone_block":63,"minecraft:white_wool":2,"minecraft:cobblestone":484,"minecraft:leather_chestplate":2,"minecraft:feather":18,"magistuarmory:rustedhalfarmor_chestplate":13,"travelersbackpack:melon":5,"magistuarmory:rustedchainmail_boots":13,"magistuarmory:iron_target":1,"minecraft:leather":21,"minecraft:golden_leggings":4,"minecraft:potato":8,"minecraft:warped_trapdoor":2,"minecraft:chainmail_chestplate":1,"minecraft:gunpowder":1,"minecraft:cobblestone_stairs":1,"minecraft:lapis_lazuli":127,"minecraft:white_banner":6,"minecraft:leather_boots":1,"minecraft:bone":4113,"minecraft:stone_bricks":9,"travelersbackpack:cake":8,"minecraft:bow":287,"minecraft:wheat_seeds":10,"minecraft:iron_ingot":1,"minecraft:cooked_chicken":8,"travelersbackpack:bee":8,"weaponmaster:tutorialbook":6,"minecraft:diamond_helmet":3,"minecraft:glass_bottle":2,"minecraft:oak_planks":6,"minecraft:cooked_porkchop":82,"magistuarmory:rustedchainmail_chestplate":5,"magistuarmory:pantyhose":5,"magistuarmory:rustednorman_helmet":3,"magistuarmory:rustedgreathelm":9,"magistuarmory:rustedchainmail_leggings":28,"minecraft:spider_eye":15,"minecraft:leather_helmet":1,"minecraft:dark_prismarine_slab":50,"magistuarmory:rustedchainmail_helmet":5,"magistuarmory:rusted_bastardsword":13,"minecraft:diamond_axe":1,"magistuarmory:rustedcrusader_boots":9,"magistuarmory:corruptedroundshield":19,"minecraft:crossbow":1,"minecraft:bone_meal":313,"minecraft:bread":14,"minecraft:emerald":84,"minecraft:chainmail_helmet":1,"minecraft:baked_potato":326,"minecraft:coal":13},"minecraft:killed":{"minecraft:witch":2,"minecraft:vindicator":4,"minecraft:spider":2,"weaponmaster:ability_skeleton_grenade_skeletons":14,"minecraft:skeleton":2407,"minecraft:chicken":6,"minecraft:pig":2,"takesapillage:skirmisher":1,"minecraft:wandering_trader":1,"minecraft:ravager":1,"minecraft:sheep":1,"minecraft:trader_llama":2,"minecraft:pillager":5,"minecraft:zombie":8,"takesapillage:archer":1,"minecraft:cow":4},"minecraft:crafted":{"minecraft:cooked_chicken":6,"minecraft:furnace":1,"minecraft:bone_meal":25230,"magistuarmory:rustedcrusader_boots":3,"minecraft:bow":23,"magistuarmory:rustedchainmail_helmet":1,"magistuarmory:rustedhalfarmor_chestplate":4,"minecraft:cooked_beef":6,"minecraft:bone_block":2808,"minecraft:golden_pickaxe":1,"magistuarmory:corruptedroundshield":7,"magistuarmory:rustedchainmail_leggings":8,"minecraft:air":0,"magistuarmory:rustedgreathelm":2,"magistuarmory:rusted_bastardsword":3,"magistuarmory:rustedcrusader_chestplate":2},"minecraft:broken":{"minecraft:leather_helmet":1,"takesapillage:ravager_horn":1},"minecraft:killed_by":{"minecraft:player":6,"takesapillage:skirmisher":1,"minecraft:skeleton":1},"minecraft:dropped":{"magistuarmory:rustedkettlehat":3,"minecraft:wheat_seeds":6,"minecraft:golden_helmet":1,"minecraft:cooked_beef":5,"weaponmaster:tutorialbook":1,"minecraft:dark_prismarine_slab":48,"minecraft:feather":9,"minecraft:cobblestone":28,"magistuarmory:rustednorman_helmet":2,"minecraft:spruce_stairs":8,"minecraft:chainmail_helmet":1,"magistuarmory:rustedgreathelm":6,"minecraft:warped_trapdoor":1,"minecraft:cobblestone_stairs":1,"minecraft:stick":3,"magistuarmory:rustedcrusader_boots":4,"minecraft:warped_slab":9,"minecraft:diorite":3,"minecraft:stone_button":1,"magistuarmory:rusted_bastardsword":9,"minecraft:dead_bush":1,"minecraft:bone_meal":263,"minecraft:phantom_membrane":3,"magistuarmory:rustedbarbute":3,"magistuarmory:corruptedroundshield":8,"minecraft:string":9,"minecraft:bone":3044,"magistuarmory:rustedchainmail_leggings":16,"magistuarmory:crusader_boots":1,"minecraft:tuff":1,"minecraft:wheat":1,"minecraft:rotten_flesh":7,"magistuarmory:rustedhalfarmor_chestplate":2,"minecraft:oak_planks":3,"weaponmaster:wm_broadswordlarge":2,"minecraft:chainmail_chestplate":1,"minecraft:leather_chestplate":2,"minecraft:gunpowder":1,"magistuarmory:rustedchainmail_helmet":3,"minecraft:leather_boots":1,"minecraft:golden_leggings":1,"minecraft:oak_sapling":1,"minecraft:leather_leggings":1,"magistuarmory:rustedchainmail_chestplate":4,"minecraft:stone_bricks":4,"minecraft:spider_eye":7,"minecraft:arrow":5213,"minecraft:bow":212,"travelersbackpack:cake":1,"minecraft:magma_block":1,"magistuarmory:rustedchainmail_boots":10},"minecraft:custom":{"minecraft:mob_kills":2463,"minecraft:inspect_hopper":1,"minecraft:interact_with_crafting_table":33,"minecraft:bell_ring":6,"minecraft:leave_game":11,"minecraft:time_since_death":5376,"minecraft:climb_one_cm":35798,"minecraft:sprint_one_cm":283130,"minecraft:walk_one_cm":354202,"minecraft:drop":1167,"minecraft:raid_win":1,"minecraft:play_time":238076,"minecraft:deaths":9,"minecraft:sneak_time":4375,"minecraft:jump":2338,"minecraft:walk_on_water_one_cm":5118,"minecraft:enchant_item":1,"minecraft:total_world_time":238076,"minecraft:interact_with_furnace":6,"minecraft:raid_trigger":1,"minecraft:time_since_rest":5400,"minecraft:damage_taken":6139,"minecraft:damage_dealt":13,"minecraft:fly_one_cm":473553,"minecraft:open_chest":112,"minecraft:crouch_one_cm":6536,"minecraft:fall_one_cm":66475,"minecraft:horse_one_cm":167952}},"DataVersion":3463}