{"stats":{"minecraft:mined":{"minecraft:grass":29,"minecraft:white_banner":1},"minecraft:killed":{"minecraft:sheep":1,"minecraft:skeleton":9,"minecraft:zombie":3,"minecraft:pig":2,"minecraft:chicken":6,"minecraft:vindicator":1,"minecraft:spider":1,"minecraft:cow":4},"minecraft:used":{"minecraft:bread":4,"minecraft:baked_potato":6,"weaponmaster:wm_broadsword":30,"minecraft:cobblestone":13,"minecraft:white_banner":1,"travelersbackpack:pig":1,"minecraft:potato":6},"minecraft:custom":{"minecraft:time_since_rest":8398,"minecraft:sprint_one_cm":88495,"minecraft:damage_taken":871,"minecraft:walk_one_cm":48823,"minecraft:mob_kills":27,"minecraft:fly_one_cm":188579,"minecraft:raid_win":1,"minecraft:open_chest":21,"minecraft:crouch_one_cm":661,"minecraft:play_time":33001,"minecraft:deaths":2,"minecraft:bell_ring":6,"minecraft:sneak_time":352,"minecraft:jump":816,"minecraft:leave_game":3,"minecraft:time_since_death":8361,"minecraft:climb_one_cm":588,"minecraft:total_world_time":33001,"minecraft:fall_one_cm":19653,"minecraft:horse_one_cm":167952},"minecraft:crafted":{"minecraft:bow":18},"minecraft:picked_up":{"minecraft:golden_helmet":3,"minecraft:feather":18,"minecraft:chicken":12,"magistuarmory:iron_target":1,"weaponmaster:weaponkit":1,"minecraft:leather":6,"minecraft:potato":8,"minecraft:porkchop":4,"minecraft:diamond_horse_armor":2,"magistuarmory:pantyhose":1,"minecraft:spider_eye":10,"minecraft:string":18,"minecraft:white_banner":4,"mutantmonsters:mutant_skeleton_skull":2,"travelersbackpack:pig":1,"minecraft:arrow":30,"minecraft:bone":21,"minecraft:rotten_flesh":6,"minecraft:bow":30,"minecraft:wheat_seeds":3,"minecraft:beef":18,"magistuarmory:crusader_boots":1,"minecraft:bread":14,"weaponmaster:tutorialbook":2,"minecraft:gold_ingot":5,"minecraft:saddle":1,"minecraft:emerald":10,"minecraft:baked_potato":31,"minecraft:mutton":2,"minecraft:egg":1,"minecraft:white_wool":2,"minecraft:cobblestone":85},"minecraft:killed_by":{"minecraft:player":2}},"DataVersion":3463}