{"stats":{"minecraft:mined":{"minecraft:white_banner":1,"minecraft:stone":2,"minecraft:cobblestone":13,"minecraft:oak_planks":1,"minecraft:grass":33,"minecraft:coal_ore":13},"minecraft:used":{"magistuarmory:corruptedroundshield":1,"minecraft:rotten_flesh":1,"minecraft:cooked_chicken":6,"minecraft:mutton":1,"travelersbackpack:pig":1,"magistuarmory:crusader_boots":1,"weaponmaster:wm_broadsword":32,"minecraft:beef":3,"minecraft:furnace":1,"minecraft:egg":1,"travelersbackpack:cake":2,"minecraft:cooked_beef":1,"minecraft:potato":6,"travelersbackpack:redstone":1,"minecraft:baked_potato":26,"minecraft:oak_planks":2,"travelersbackpack:bee":1,"weaponmaster:wm_broadswordlarge":5,"magistuarmory:rustedchainmail_helmet":1,"minecraft:bread":11,"minecraft:cobblestone":30,"minecraft:white_banner":1,"minecraft:yellow_bed":1,"minecraft:golden_pickaxe":29},"minecraft:picked_up":{"minecraft:iron_chestplate":2,"minecraft:chicken":12,"minecraft:golden_pickaxe":3,"minecraft:leather_leggings":1,"minecraft:lead":2,"minecraft:gold_block":5,"minecraft:diamond_horse_armor":4,"minecraft:string":18,"mutantmonsters:mutant_skeleton_skull":7,"minecraft:iron_axe":1,"travelersbackpack:pig":5,"travelersbackpack:redstone":6,"minecraft:bucket":2,"minecraft:beef":18,"magistuarmory:crusader_boots":5,"minecraft:phantom_membrane":7,"minecraft:egg":1,"minecraft:golden_helmet":9,"minecraft:stick":13,"weaponmaster:weaponkit":1,"magistuarmory:rustedbarbute":4,"minecraft:porkchop":4,"magistuarmory:rustedcrusader_chestplate":5,"weaponmaster:wm_broadswordlarge":2,"minecraft:arrow":3590,"minecraft:rotten_flesh":14,"minecraft:stone_shovel":2,"minecraft:gold_ingot":46,"minecraft:saddle":4,"minecraft:totem_of_undying":1,"minecraft:mutton":4,"minecraft:white_wool":2,"minecraft:bone_block":63,"minecraft:cobblestone":310,"minecraft:leather_chestplate":1,"minecraft:feather":18,"magistuarmory:rustedhalfarmor_chestplate":7,"magistuarmory:rustedchainmail_boots":6,"travelersbackpack:melon":4,"magistuarmory:iron_target":1,"minecraft:leather":21,"minecraft:golden_leggings":2,"minecraft:potato":8,"minecraft:chainmail_chestplate":1,"minecraft:lapis_lazuli":127,"minecraft:white_banner":4,"minecraft:leather_boots":1,"minecraft:bone":3897,"travelersbackpack:cake":6,"minecraft:bow":272,"minecraft:wheat_seeds":5,"minecraft:cooked_chicken":8,"travelersbackpack:bee":6,"weaponmaster:tutorialbook":6,"minecraft:oak_planks":6,"magistuarmory:rustedchainmail_chestplate":4,"magistuarmory:pantyhose":5,"magistuarmory:rustednorman_helmet":3,"magistuarmory:rustedgreathelm":7,"magistuarmory:rustedchainmail_leggings":22,"minecraft:spider_eye":10,"minecraft:leather_helmet":1,"magistuarmory:rustedchainmail_helmet":4,"magistuarmory:rusted_bastardsword":10,"magistuarmory:rustedcrusader_boots":5,"magistuarmory:corruptedroundshield":14,"minecraft:bone_meal":313,"minecraft:chainmail_helmet":1,"minecraft:bread":14,"minecraft:emerald":26,"minecraft:baked_potato":266,"minecraft:coal":13},"minecraft:killed":{"minecraft:spider":1,"minecraft:vindicator":1,"weaponmaster:ability_skeleton_grenade_skeletons":13,"minecraft:skeleton":2306,"minecraft:chicken":6,"minecraft:pig":2,"minecraft:wandering_trader":1,"minecraft:sheep":1,"minecraft:trader_llama":2,"minecraft:zombie":7,"minecraft:cow":4},"minecraft:crafted":{"minecraft:cooked_chicken":6,"minecraft:furnace":1,"minecraft:bone_meal":25230,"magistuarmory:rustedcrusader_boots":1,"minecraft:bow":23,"magistuarmory:rustedchainmail_helmet":1,"magistuarmory:rustedhalfarmor_chestplate":1,"minecraft:cooked_beef":6,"minecraft:bone_block":2808,"minecraft:golden_pickaxe":1,"magistuarmory:corruptedroundshield":6,"magistuarmory:rustedchainmail_leggings":7,"minecraft:air":0,"magistuarmory:rustedgreathelm":2,"magistuarmory:rusted_bastardsword":3,"magistuarmory:rustedcrusader_chestplate":2},"minecraft:broken":{"minecraft:leather_helmet":1},"minecraft:killed_by":{"minecraft:player":6,"minecraft:skeleton":1},"minecraft:dropped":{"minecraft:wheat_seeds":6,"minecraft:golden_helmet":1,"minecraft:cooked_beef":5,"weaponmaster:tutorialbook":1,"minecraft:feather":9,"minecraft:cobblestone":27,"magistuarmory:rustednorman_helmet":2,"minecraft:spruce_stairs":8,"minecraft:chainmail_helmet":1,"magistuarmory:rustedgreathelm":5,"minecraft:stick":3,"magistuarmory:rustedcrusader_boots":2,"magistuarmory:rusted_bastardsword":6,"minecraft:dead_bush":1,"minecraft:bone_meal":263,"minecraft:phantom_membrane":3,"magistuarmory:rustedbarbute":3,"magistuarmory:corruptedroundshield":5,"minecraft:string":9,"minecraft:bone":2819,"magistuarmory:rustedchainmail_leggings":11,"magistuarmory:crusader_boots":1,"minecraft:tuff":1,"minecraft:wheat":1,"minecraft:rotten_flesh":7,"magistuarmory:rustedhalfarmor_chestplate":1,"minecraft:oak_planks":3,"weaponmaster:wm_broadswordlarge":1,"minecraft:chainmail_chestplate":1,"minecraft:leather_chestplate":1,"magistuarmory:rustedchainmail_helmet":2,"minecraft:leather_boots":1,"minecraft:oak_sapling":1,"minecraft:leather_leggings":1,"magistuarmory:rustedchainmail_chestplate":3,"minecraft:spider_eye":7,"minecraft:arrow":5151,"minecraft:bow":208,"travelersbackpack:cake":1,"minecraft:magma_block":1,"magistuarmory:rustedchainmail_boots":5},"minecraft:custom":{"minecraft:mob_kills":2346,"minecraft:inspect_hopper":1,"minecraft:interact_with_crafting_table":33,"minecraft:bell_ring":6,"minecraft:leave_game":10,"minecraft:time_since_death":8125,"minecraft:climb_one_cm":30802,"minecraft:sprint_one_cm":197698,"minecraft:walk_one_cm":302456,"minecraft:drop":1087,"minecraft:raid_win":1,"minecraft:play_time":208042,"minecraft:deaths":7,"minecraft:sneak_time":2912,"minecraft:jump":1638,"minecraft:walk_on_water_one_cm":5118,"minecraft:enchant_item":1,"minecraft:total_world_time":208042,"minecraft:interact_with_furnace":6,"minecraft:time_since_rest":8151,"minecraft:damage_taken":4276,"minecraft:damage_dealt":13,"minecraft:fly_one_cm":302685,"minecraft:open_chest":98,"minecraft:crouch_one_cm":4174,"minecraft:fall_one_cm":42403,"minecraft:horse_one_cm":167952}},"DataVersion":3463}