{"stats":{"minecraft:mined":{"minecraft:grass":27,"minecraft:white_banner":1},"minecraft:killed":{"minecraft:sheep":1,"minecraft:skeleton":2,"minecraft:zombie":3,"minecraft:pig":2,"minecraft:chicken":6,"minecraft:spider":1,"minecraft:vindicator":1,"minecraft:cow":4},"minecraft:used":{"minecraft:bread":3,"minecraft:baked_potato":4,"weaponmaster:wm_broadsword":28,"minecraft:cobblestone":13,"minecraft:white_banner":1,"minecraft:potato":6},"minecraft:custom":{"minecraft:time_since_rest":15251,"minecraft:sprint_one_cm":51339,"minecraft:damage_taken":600,"minecraft:walk_one_cm":23636,"minecraft:mob_kills":20,"minecraft:fly_one_cm":93777,"minecraft:raid_win":1,"minecraft:open_chest":7,"minecraft:crouch_one_cm":320,"minecraft:play_time":15327,"minecraft:deaths":1,"minecraft:bell_ring":6,"minecraft:sneak_time":202,"minecraft:jump":442,"minecraft:leave_game":2,"minecraft:time_since_death":15046,"minecraft:total_world_time":15327,"minecraft:fall_one_cm":11212,"minecraft:horse_one_cm":167952},"minecraft:picked_up":{"minecraft:feather":6,"minecraft:chicken":6,"minecraft:leather":6,"minecraft:porkchop":4,"minecraft:diamond_horse_armor":1,"minecraft:spider_eye":5,"minecraft:string":9,"minecraft:white_banner":3,"minecraft:arrow":7,"minecraft:rotten_flesh":6,"minecraft:wheat_seeds":3,"minecraft:beef":9,"weaponmaster:tutorialbook":1,"minecraft:saddle":1,"minecraft:emerald":5,"minecraft:baked_potato":31,"minecraft:mutton":1,"minecraft:white_wool":1,"minecraft:cobblestone":49},"minecraft:killed_by":{"minecraft:player":1}},"DataVersion":3463}