{"stats":{"minecraft:custom":{"minecraft:interact_with_crafting_table":52,"minecraft:bell_ring":6,"minecraft:leave_game":12,"minecraft:time_since_death":150018,"minecraft:sprint_one_cm":613469,"minecraft:damage_blocked_by_shield":104,"minecraft:drop":1459,"minecraft:play_time":382718,"minecraft:deaths":9,"minecraft:jump":5183,"minecraft:enchant_item":1,"minecraft:walk_on_water_one_cm":35012,"minecraft:interact_with_furnace":12,"minecraft:sleep_in_bed":1,"minecraft:damage_dealt":147,"minecraft:player_kills":4,"minecraft:crouch_one_cm":52141,"minecraft:horse_one_cm":167952,"minecraft:mob_kills":3080,"minecraft:inspect_hopper":1,"minecraft:climb_one_cm":51387,"minecraft:walk_one_cm":684032,"minecraft:raid_win":1,"minecraft:sneak_time":22206,"minecraft:walk_under_water_one_cm":3052,"minecraft:total_world_time":382718,"minecraft:raid_trigger":1,"minecraft:interact_with_stonecutter":2,"minecraft:time_since_rest":10937,"minecraft:damage_absorbed":81,"minecraft:damage_taken":9670,"minecraft:swim_one_cm":1537,"minecraft:fly_one_cm":1090870,"minecraft:open_chest":194,"minecraft:fall_one_cm":145716},"minecraft:dropped":{"minecraft:cooked_beef":5,"minecraft:baked_potato":27,"minecraft:golden_pickaxe":1,"minecraft:glass_bottle":2,"magistuarmory:rustedcrusader_chestplate":2,"magistuarmory:rustednorman_helmet":6,"minecraft:leather_helmet":2,"minecraft:cobblestone_stairs":5,"minecraft:flint":1,"minecraft:dirt":18,"minecraft:stone_button":2,"minecraft:mutton":4,"magistuarmory:rusted_bastardsword":18,"minecraft:bone_meal":263,"minecraft:bone_block":93,"minecraft:phantom_membrane":3,"magistuarmory:corruptedroundshield":20,"minecraft:white_wool":1,"minecraft:bone":3917,"magistuarmory:rustedchainmail_leggings":30,"magistuarmory:crusader_boots":1,"minecraft:wheat":1,"minecraft:soul_lantern":1,"minecraft:cherry_sapling":2,"minecraft:rotten_flesh":75,"minecraft:oak_planks":9,"weaponmaster:taglockkit":2,"minecraft:warped_sign":1,"minecraft:stone_stairs":1,"minecraft:chainmail_chestplate":1,"minecraft:leather_chestplate":2,"minecraft:gunpowder":1,"minecraft:hopper":2,"minecraft:leather_boots":6,"minecraft:chainmail_boots":1,"magistuarmory:rustedchainmail_chestplate":11,"minecraft:leather_leggings":3,"minecraft:spruce_slab":2,"minecraft:iron_bars":1,"minecraft:arrow":5877,"minecraft:beef":10,"magistuarmory:rustedchainmail_boots":19,"minecraft:golden_boots":2,"minecraft:iron_ingot":42,"magistuarmory:rustedkettlehat":11,"minecraft:wheat_seeds":10,"minecraft:golden_helmet":4,"weaponmaster:tutorialbook":1,"minecraft:cobblestone":85,"minecraft:feather":9,"minecraft:dark_prismarine_slab":48,"minecraft:apple":14,"minecraft:spruce_stairs":10,"minecraft:chainmail_helmet":1,"magistuarmory:rustedgreathelm":8,"minecraft:coal":26,"minecraft:coal_block":3,"minecraft:stick":15,"minecraft:warped_trapdoor":2,"magistuarmory:rustedcrusader_boots":9,"minecraft:warped_slab":9,"minecraft:diorite":3,"minecraft:rose_bush":1,"minecraft:dead_bush":1,"minecraft:iron_axe":1,"magistuarmory:rustedbarbute":6,"minecraft:string":10,"minecraft:tuff":8,"magistuarmory:rustedhalfarmor_chestplate":9,"minecraft:green_concrete":2,"weaponmaster:wm_broadswordlarge":3,"minecraft:spruce_fence":1,"minecraft:cobblestone_slab":2,"magistuarmory:rustedchainmail_helmet":10,"minecraft:andesite":12,"minecraft:golden_leggings":2,"minecraft:oak_boat":2,"minecraft:oak_sapling":7,"mutantmonsters:mutant_skeleton_leggings":1,"minecraft:spider_eye":7,"minecraft:stone_bricks":4,"minecraft:bow":237,"travelersbackpack:cake":1,"minecraft:calcite":1,"minecraft:magma_block":1},"minecraft:killed_by":{"minecraft:player":6,"takesapillage:skirmisher":1,"minecraft:skeleton":1},"minecraft:crafted":{"minecraft:cooked_chicken":6,"minecraft:stone":90,"minecraft:bow":23,"magistuarmory:rustedchainmail_helmet":1,"minecraft:stone_bricks":12,"magistuarmory:rustedhalfarmor_chestplate":4,"minecraft:crafting_table":1,"minecraft:golden_pickaxe":1,"minecraft:shield":2,"minecraft:stick":12,"minecraft:iron_ingot":22,"minecraft:iron_pickaxe":3,"magistuarmory:rusted_bastardsword":3,"minecraft:furnace":1,"minecraft:bone_meal":25230,"magistuarmory:rustedcrusader_boots":3,"minecraft:stone_pickaxe":2,"minecraft:cooked_beef":6,"minecraft:bone_block":2808,"magistuarmory:corruptedroundshield":7,"minecraft:bucket":1,"magistuarmory:rustedchainmail_leggings":8,"minecraft:air":0,"magistuarmory:rustedgreathelm":2,"minecraft:stonecutter":1,"magistuarmory:rustedcrusader_chestplate":2},"minecraft:picked_up":{"minecraft:iron_chestplate":3,"minecraft:chainmail_boots":1,"minecraft:lead":2,"minecraft:diamond_sword":1,"minecraft:potion":2,"minecraft:stone_brick_stairs":3,"minecraft:warped_stairs":2,"minecraft:string":25,"mutantmonsters:mutant_skeleton_skull":9,"minecraft:diamond_leggings":3,"minecraft:cobbled_deepslate":1,"minecraft:bucket":2,"minecraft:rose_bush":1,"minecraft:warped_slab":19,"minecraft:cobblestone_slab":2,"minecraft:calcite":1,"minecraft:coal_block":3,"minecraft:golden_helmet":12,"minecraft:stick":24,"weaponmaster:weaponkit":1,"minecraft:torch":45,"minecraft:spruce_stairs":2,"minecraft:porkchop":4,"minecraft:diorite":3,"magistuarmory:rustedcrusader_chestplate":9,"minecraft:golden_chestplate":1,"mutantmonsters:hulk_hammer":2,"minecraft:rotten_flesh":100,"minecraft:iron_bars":1,"minecraft:cobblestone":912,"minecraft:birch_log":25,"minecraft:leather_chestplate":3,"minecraft:feather":18,"magistuarmory:rustedchainmail_boots":23,"magistuarmory:iron_target":1,"minecraft:andesite":21,"minecraft:golden_leggings":5,"minecraft:potato":8,"minecraft:flint":1,"minecraft:tuff":7,"minecraft:warped_trapdoor":3,"minecraft:lapis_lazuli":127,"minecraft:lantern":10,"minecraft:dirt":23,"minecraft:leather_boots":6,"minecraft:bone":5028,"minecraft:bow":315,"minecraft:wheat_seeds":11,"travelersbackpack:bee":8,"minecraft:diamond_helmet":3,"minecraft:oak_planks":59,"minecraft:cooked_porkchop":109,"mutantmonsters:mutant_skeleton_leggings":1,"magistuarmory:rustedgreathelm":11,"weaponmaster:taglockkit":4,"minecraft:dark_prismarine_slab":51,"minecraft:green_concrete":1,"minecraft:soul_lantern":1,"minecraft:polished_blackstone_button":1,"magistuarmory:corruptedroundshield":31,"minecraft:crossbow":2,"minecraft:bone_meal":313,"minecraft:emerald":91,"minecraft:chainmail_helmet":1,"minecraft:bread":14,"minecraft:oak_sapling":3,"minecraft:oak_leaves":1,"minecraft:coarse_dirt":3,"minecraft:chicken":12,"minecraft:clay_ball":128,"minecraft:golden_pickaxe":5,"minecraft:leather_leggings":3,"minecraft:stone_brick_wall":1,"minecraft:gold_block":7,"minecraft:diamond_horse_armor":4,"minecraft:iron_axe":1,"minecraft:stone_stairs":1,"takesapillage:ravager_horn":4,"travelersbackpack:pig":7,"travelersbackpack:redstone":8,"minecraft:beef":38,"minecraft:andesite_stairs":1,"magistuarmory:crusader_boots":5,"minecraft:oak_boat":1,"minecraft:spruce_slab":2,"minecraft:light_gray_wool":1,"minecraft:egg":1,"minecraft:phantom_membrane":7,"magistuarmory:rustedbarbute":7,"minecraft:spruce_fence":1,"magistuarmory:rustedkettlehat":11,"minecraft:stone_button":2,"weaponmaster:wm_broadswordlarge":4,"minecraft:stone_shovel":2,"minecraft:arrow":4943,"minecraft:diamond_chestplate":3,"minecraft:diamond_boots":3,"minecraft:warped_sign":1,"minecraft:gold_ingot":46,"minecraft:saddle":5,"minecraft:totem_of_undying":7,"minecraft:mutton":29,"minecraft:bone_block":165,"minecraft:white_wool":9,"magistuarmory:rustedhalfarmor_chestplate":20,"travelersbackpack:melon":5,"minecraft:leather":31,"minecraft:oak_log":8,"minecraft:chainmail_chestplate":1,"minecraft:golden_boots":2,"minecraft:gunpowder":1,"minecraft:cobblestone_stairs":5,"minecraft:white_banner":6,"minecraft:apple":7,"minecraft:stone_bricks":75,"travelersbackpack:cake":8,"minecraft:iron_ingot":45,"minecraft:cooked_chicken":8,"weaponmaster:tutorialbook":6,"minecraft:glass_bottle":2,"minecraft:dark_oak_stairs":1,"magistuarmory:rustedchainmail_chestplate":12,"magistuarmory:pantyhose":5,"magistuarmory:rustednorman_helmet":7,"minecraft:red_banner":1,"magistuarmory:rustedchainmail_leggings":43,"minecraft:spider_eye":15,"minecraft:leather_helmet":3,"magistuarmory:rustedchainmail_helmet":12,"magistuarmory:rusted_bastardsword":24,"magistuarmory:rustedcrusader_boots":14,"minecraft:diamond_axe":1,"minecraft:cherry_sapling":1,"minecraft:baked_potato":326,"minecraft:coal":40,"minecraft:hopper":1},"minecraft:used":{"magistuarmory:corruptedroundshield":3,"magistuarmory:rustedchainmail_boots":1,"minecraft:bone_block":237,"minecraft:shield":2,"minecraft:rotten_flesh":1,"minecraft:mutton":1,"travelersbackpack:pig":2,"minecraft:tuff":4,"minecraft:lava_bucket":1,"minecraft:lantern":6,"weaponmaster:wm_broadsword":32,"minecraft:stone_brick_stairs":14,"minecraft:stone_bricks":42,"minecraft:bow":85,"mutantmonsters:hulk_hammer":12,"minecraft:furnace":1,"minecraft:egg":1,"minecraft:potato":6,"travelersbackpack:redstone":2,"minecraft:stone_pickaxe":126,"minecraft:oak_planks":28,"minecraft:diamond_axe":37,"minecraft:golden_apple":2,"travelersbackpack:bee":1,"weaponmaster:wm_broadswordlarge":28,"minecraft:stone_brick_wall":3,"magistuarmory:rustedchainmail_helmet":1,"minecraft:bread":11,"minecraft:string":1,"minecraft:warped_slab":1,"minecraft:diamond_sword":2,"minecraft:golden_pickaxe":30,"minecraft:cooked_chicken":6,"minecraft:torch":9,"minecraft:spruce_stairs":2,"magistuarmory:crusader_boots":1,"minecraft:barrel":1,"minecraft:warped_stairs":2,"minecraft:beef":3,"travelersbackpack:cake":5,"minecraft:cooked_beef":1,"minecraft:cobbled_deepslate":1,"minecraft:baked_potato":33,"minecraft:stonecutter":1,"minecraft:dark_prismarine_slab":1,"minecraft:crafting_table":1,"minecraft:iron_pickaxe":502,"minecraft:chiseled_stone_bricks":7,"minecraft:cobblestone":104,"minecraft:white_banner":1,"minecraft:cooked_porkchop":56,"minecraft:andesite_stairs":1,"minecraft:bucket":1,"minecraft:yellow_bed":1,"takesapillage:ravager_horn":1},"minecraft:broken":{"minecraft:diamond_helmet":1,"takesapillage:ravager_horn":1,"minecraft:leather_helmet":1,"minecraft:iron_pickaxe":2},"minecraft:mined":{"minecraft:cobbled_deepslate_stairs":3,"minecraft:grass_block":3,"minecraft:soul_soil":1,"minecraft:fire":1,"minecraft:iron_ore":2,"minecraft:cobbled_deepslate":1,"minecraft:iron_bars":1,"minecraft:white_banner":1,"minecraft:torch":3,"minecraft:cobblestone":71,"minecraft:oak_planks":7,"minecraft:wall_torch":1,"minecraft:pink_petals":4,"minecraft:birch_log":26,"minecraft:stone_brick_stairs":2,"minecraft:grass":46,"minecraft:oak_log":9,"minecraft:dirt":7,"minecraft:oak_leaves":1,"minecraft:deepslate":5,"minecraft:tuff":4,"minecraft:ladder":1,"minecraft:cobblestone_slab":1,"minecraft:lantern":9,"minecraft:stone":448,"minecraft:bone_block":38,"minecraft:rose_bush":1,"minecraft:tall_grass":7,"minecraft:coal_ore":35,"minecraft:stone_bricks":28},"minecraft:killed":{"minecraft:witch":2,"minecraft:spider":7,"weaponmaster:ability_skeleton_grenade_skeletons":27,"minecraft:skeleton":2927,"minecraft:chicken":6,"minecraft:wolf":2,"minecraft:pig":5,"minecraft:zombie_villager":1,"minecraft:creeper":4,"minecraft:sheep":12,"minecraft:trader_llama":2,"minecraft:pillager":10,"minecraft:donkey":2,"minecraft:zombie":37,"takesapillage:archer":1,"minecraft:cow":8,"minecraft:vindicator":5,"minecraft:phantom":1,"takesapillage:skirmisher":1,"minecraft:wandering_trader":1,"minecraft:ravager":1}},"DataVersion":3463}