{"stats":{"minecraft:mined":{"minecraft:cobblestone":2,"minecraft:oak_planks":1,"minecraft:grass":31,"minecraft:white_banner":1},"minecraft:killed":{"minecraft:pig":2,"minecraft:spider":1,"minecraft:vindicator":1,"weaponmaster:ability_skeleton_grenade_skeletons":9,"minecraft:sheep":1,"minecraft:skeleton":1477,"minecraft:zombie":3,"minecraft:chicken":6,"minecraft:cow":4},"minecraft:used":{"minecraft:baked_potato":8,"minecraft:oak_planks":2,"minecraft:cooked_chicken":6,"minecraft:mutton":1,"travelersbackpack:pig":1,"weaponmaster:wm_broadswordlarge":3,"minecraft:bread":11,"weaponmaster:wm_broadsword":31,"minecraft:cobblestone":17,"minecraft:beef":3,"minecraft:white_banner":1,"minecraft:furnace":1,"minecraft:yellow_bed":1,"minecraft:egg":1,"minecraft:cooked_beef":1,"minecraft:potato":6,"minecraft:golden_pickaxe":2},"minecraft:dropped":{"minecraft:wheat_seeds":6,"minecraft:cooked_beef":5,"minecraft:tuff":1,"minecraft:wheat":1,"minecraft:cobblestone":27,"minecraft:oak_planks":2,"minecraft:spruce_stairs":8,"minecraft:oak_sapling":1,"minecraft:dead_bush":1,"minecraft:spider_eye":2,"minecraft:bone_meal":263,"minecraft:phantom_membrane":3,"minecraft:arrow":3133,"minecraft:bow":101,"travelersbackpack:cake":1,"minecraft:magma_block":1,"minecraft:bone":844},"minecraft:custom":{"minecraft:interact_with_furnace":6,"minecraft:mob_kills":1506,"minecraft:inspect_hopper":1,"minecraft:interact_with_crafting_table":33,"minecraft:bell_ring":6,"minecraft:leave_game":5,"minecraft:time_since_death":9750,"minecraft:climb_one_cm":18942,"minecraft:time_since_rest":9782,"minecraft:sprint_one_cm":146443,"minecraft:damage_taken":2786,"minecraft:walk_one_cm":199843,"minecraft:drop":818,"minecraft:damage_dealt":13,"minecraft:fly_one_cm":261750,"minecraft:raid_win":1,"minecraft:open_chest":91,"minecraft:crouch_one_cm":1955,"minecraft:play_time":148205,"minecraft:deaths":5,"minecraft:sneak_time":1810,"minecraft:jump":1306,"minecraft:walk_on_water_one_cm":5118,"minecraft:total_world_time":148205,"minecraft:fall_one_cm":33445,"minecraft:horse_one_cm":167952},"minecraft:picked_up":{"minecraft:feather":18,"magistuarmory:rustedhalfarmor_chestplate":4,"travelersbackpack:melon":2,"minecraft:chicken":12,"magistuarmory:iron_target":1,"minecraft:golden_pickaxe":1,"minecraft:leather":15,"minecraft:potato":8,"minecraft:gold_block":3,"minecraft:diamond_horse_armor":4,"minecraft:lapis_lazuli":64,"minecraft:string":18,"minecraft:white_banner":4,"mutantmonsters:mutant_skeleton_skull":5,"minecraft:iron_axe":1,"minecraft:bone":1817,"travelersbackpack:pig":3,"travelersbackpack:cake":3,"travelersbackpack:redstone":4,"minecraft:bow":165,"minecraft:wheat_seeds":5,"minecraft:bucket":1,"minecraft:beef":18,"magistuarmory:crusader_boots":4,"minecraft:cooked_chicken":8,"weaponmaster:tutorialbook":5,"travelersbackpack:bee":4,"minecraft:oak_planks":4,"minecraft:phantom_membrane":7,"minecraft:egg":1,"minecraft:golden_helmet":8,"minecraft:stick":13,"weaponmaster:weaponkit":1,"minecraft:porkchop":4,"magistuarmory:pantyhose":5,"minecraft:spider_eye":10,"weaponmaster:wm_broadswordlarge":1,"minecraft:arrow":1417,"minecraft:stone_shovel":2,"minecraft:rotten_flesh":8,"minecraft:bone_meal":313,"minecraft:bread":14,"minecraft:saddle":2,"minecraft:gold_ingot":32,"minecraft:emerald":25,"minecraft:baked_potato":188,"minecraft:mutton":4,"minecraft:white_wool":2,"minecraft:bone_block":63,"minecraft:cobblestone":219},"minecraft:crafted":{"minecraft:cooked_beef":6,"minecraft:bone_block":2808,"minecraft:cooked_chicken":6,"minecraft:furnace":1,"minecraft:golden_pickaxe":1,"minecraft:bone_meal":25230,"minecraft:air":0,"minecraft:bow":23},"minecraft:killed_by":{"minecraft:player":5}},"DataVersion":3463}