{"stats":{"minecraft:mined":{"minecraft:oak_planks":1,"minecraft:grass":29,"minecraft:white_banner":1},"minecraft:killed":{"minecraft:pig":2,"minecraft:spider":1,"minecraft:vindicator":1,"minecraft:sheep":1,"minecraft:skeleton":1004,"minecraft:zombie":3,"minecraft:chicken":6,"minecraft:cow":4},"minecraft:dropped":{"minecraft:cobblestone":27,"minecraft:bone_meal":262,"minecraft:arrow":427,"minecraft:bow":18,"minecraft:bone":256},"minecraft:used":{"minecraft:baked_potato":6,"minecraft:oak_planks":1,"travelersbackpack:pig":1,"minecraft:bread":11,"weaponmaster:wm_broadsword":31,"minecraft:cobblestone":14,"minecraft:beef":3,"minecraft:white_banner":1,"minecraft:furnace":1,"minecraft:yellow_bed":1,"minecraft:egg":1,"minecraft:cooked_beef":1,"minecraft:potato":6},"minecraft:custom":{"minecraft:interact_with_furnace":6,"minecraft:mob_kills":1024,"minecraft:interact_with_crafting_table":32,"minecraft:bell_ring":6,"minecraft:leave_game":5,"minecraft:time_since_death":75565,"minecraft:climb_one_cm":9684,"minecraft:time_since_rest":75602,"minecraft:sprint_one_cm":120884,"minecraft:damage_taken":1219,"minecraft:walk_one_cm":122401,"minecraft:drop":76,"minecraft:damage_dealt":13,"minecraft:fly_one_cm":234167,"minecraft:raid_win":1,"minecraft:open_chest":71,"minecraft:crouch_one_cm":1207,"minecraft:play_time":100205,"minecraft:deaths":2,"minecraft:sneak_time":914,"minecraft:jump":1081,"minecraft:total_world_time":100205,"minecraft:fall_one_cm":24498,"minecraft:horse_one_cm":167952},"minecraft:picked_up":{"minecraft:feather":18,"magistuarmory:rustedhalfarmor_chestplate":1,"minecraft:chicken":12,"magistuarmory:iron_target":1,"minecraft:leather":6,"minecraft:potato":8,"minecraft:diamond_horse_armor":2,"minecraft:string":18,"minecraft:white_banner":4,"mutantmonsters:mutant_skeleton_skull":2,"minecraft:bone":1032,"travelersbackpack:pig":1,"travelersbackpack:cake":1,"travelersbackpack:redstone":1,"minecraft:bow":84,"minecraft:wheat_seeds":3,"minecraft:beef":18,"magistuarmory:crusader_boots":1,"weaponmaster:tutorialbook":2,"travelersbackpack:bee":1,"minecraft:oak_planks":1,"minecraft:phantom_membrane":5,"minecraft:egg":1,"minecraft:golden_helmet":3,"weaponmaster:weaponkit":1,"minecraft:porkchop":4,"magistuarmory:pantyhose":1,"minecraft:spider_eye":10,"weaponmaster:wm_broadswordlarge":1,"minecraft:arrow":688,"minecraft:rotten_flesh":8,"minecraft:bone_meal":313,"minecraft:bread":14,"minecraft:saddle":1,"minecraft:gold_ingot":5,"minecraft:emerald":10,"minecraft:baked_potato":31,"minecraft:mutton":2,"minecraft:white_wool":2,"minecraft:bone_block":63,"minecraft:cobblestone":112},"minecraft:crafted":{"minecraft:cooked_beef":6,"minecraft:bone_block":2808,"minecraft:cooked_chicken":6,"minecraft:furnace":1,"minecraft:bone_meal":25230,"minecraft:air":0,"minecraft:bow":23},"minecraft:killed_by":{"minecraft:player":2}},"DataVersion":3463}