{"stats":{"minecraft:custom":{"minecraft:mob_kills":2751,"minecraft:inspect_hopper":1,"minecraft:interact_with_crafting_table":41,"minecraft:bell_ring":6,"minecraft:leave_game":12,"minecraft:time_since_death":100261,"minecraft:climb_one_cm":50993,"minecraft:sprint_one_cm":543929,"minecraft:walk_one_cm":593228,"minecraft:damage_blocked_by_shield":104,"minecraft:drop":1367,"minecraft:raid_win":1,"minecraft:walk_under_water_one_cm":124,"minecraft:play_time":332961,"minecraft:deaths":9,"minecraft:sneak_time":12525,"minecraft:jump":4519,"minecraft:walk_on_water_one_cm":13655,"minecraft:enchant_item":1,"minecraft:total_world_time":332961,"minecraft:interact_with_furnace":6,"minecraft:raid_trigger":1,"minecraft:time_since_rest":100285,"minecraft:damage_absorbed":81,"minecraft:damage_taken":9177,"minecraft:damage_dealt":141,"minecraft:swim_one_cm":594,"minecraft:fly_one_cm":990988,"minecraft:player_kills":2,"minecraft:open_chest":147,"minecraft:crouch_one_cm":28622,"minecraft:fall_one_cm":125172,"minecraft:horse_one_cm":167952},"minecraft:dropped":{"minecraft:golden_boots":1,"magistuarmory:rustedkettlehat":7,"minecraft:wheat_seeds":10,"minecraft:golden_helmet":4,"minecraft:cooked_beef":5,"minecraft:baked_potato":27,"minecraft:golden_pickaxe":1,"minecraft:glass_bottle":2,"weaponmaster:tutorialbook":1,"magistuarmory:rustedcrusader_chestplate":2,"minecraft:feather":9,"minecraft:dark_prismarine_slab":48,"minecraft:cobblestone":79,"minecraft:apple":14,"magistuarmory:rustednorman_helmet":2,"minecraft:spruce_stairs":10,"minecraft:chainmail_helmet":1,"magistuarmory:rustedgreathelm":7,"minecraft:leather_helmet":2,"minecraft:coal_block":3,"minecraft:stick":9,"minecraft:cobblestone_stairs":5,"minecraft:warped_trapdoor":2,"magistuarmory:rustedcrusader_boots":6,"minecraft:dirt":18,"minecraft:warped_slab":9,"minecraft:diorite":3,"minecraft:stone_button":2,"minecraft:mutton":4,"magistuarmory:rusted_bastardsword":13,"minecraft:dead_bush":1,"minecraft:bone_block":67,"minecraft:bone_meal":263,"minecraft:phantom_membrane":3,"minecraft:iron_axe":1,"magistuarmory:rustedbarbute":4,"magistuarmory:corruptedroundshield":20,"minecraft:white_wool":1,"minecraft:string":10,"minecraft:bone":3498,"magistuarmory:rustedchainmail_leggings":29,"magistuarmory:crusader_boots":1,"minecraft:tuff":8,"minecraft:wheat":1,"minecraft:soul_lantern":1,"minecraft:cherry_sapling":2,"minecraft:rotten_flesh":75,"magistuarmory:rustedhalfarmor_chestplate":7,"minecraft:oak_planks":3,"minecraft:warped_sign":1,"minecraft:green_concrete":2,"minecraft:stone_stairs":1,"weaponmaster:wm_broadswordlarge":3,"minecraft:spruce_fence":1,"minecraft:chainmail_chestplate":1,"minecraft:leather_chestplate":2,"minecraft:cobblestone_slab":2,"minecraft:gunpowder":1,"magistuarmory:rustedchainmail_helmet":7,"minecraft:andesite":12,"minecraft:hopper":2,"minecraft:leather_boots":1,"minecraft:golden_leggings":2,"minecraft:oak_boat":2,"mutantmonsters:mutant_skeleton_leggings":1,"minecraft:oak_sapling":7,"minecraft:leather_leggings":3,"magistuarmory:rustedchainmail_chestplate":8,"minecraft:stone_bricks":4,"minecraft:spider_eye":7,"minecraft:iron_bars":1,"minecraft:calcite":1,"minecraft:arrow":5587,"minecraft:bow":224,"minecraft:beef":5,"minecraft:magma_block":1,"travelersbackpack:cake":1,"magistuarmory:rustedchainmail_boots":13},"minecraft:crafted":{"minecraft:cooked_chicken":6,"minecraft:furnace":1,"minecraft:bone_meal":25230,"magistuarmory:rustedcrusader_boots":3,"minecraft:bow":23,"minecraft:stone_pickaxe":2,"magistuarmory:rustedchainmail_helmet":1,"magistuarmory:rustedhalfarmor_chestplate":4,"minecraft:cooked_beef":6,"minecraft:bone_block":2808,"minecraft:crafting_table":1,"minecraft:golden_pickaxe":1,"magistuarmory:corruptedroundshield":7,"magistuarmory:rustedchainmail_leggings":8,"minecraft:air":0,"minecraft:shield":2,"minecraft:stick":4,"magistuarmory:rustedgreathelm":2,"magistuarmory:rusted_bastardsword":3,"magistuarmory:rustedcrusader_chestplate":2},"minecraft:killed_by":{"minecraft:player":6,"takesapillage:skirmisher":1,"minecraft:skeleton":1},"minecraft:picked_up":{"minecraft:coarse_dirt":3,"minecraft:iron_chestplate":3,"minecraft:chicken":12,"minecraft:leather_leggings":3,"minecraft:golden_pickaxe":5,"minecraft:lead":2,"minecraft:diamond_sword":1,"minecraft:stone_brick_wall":1,"minecraft:potion":2,"minecraft:gold_block":7,"minecraft:diamond_horse_armor":4,"minecraft:stone_brick_stairs":1,"minecraft:warped_stairs":2,"minecraft:stone_stairs":1,"minecraft:string":25,"minecraft:iron_axe":1,"mutantmonsters:mutant_skeleton_skull":9,"takesapillage:ravager_horn":4,"travelersbackpack:pig":7,"travelersbackpack:redstone":8,"minecraft:diamond_leggings":3,"minecraft:bucket":2,"minecraft:cobblestone_slab":2,"magistuarmory:crusader_boots":5,"minecraft:beef":23,"minecraft:andesite_stairs":1,"minecraft:oak_boat":1,"minecraft:warped_slab":19,"minecraft:calcite":1,"minecraft:spruce_slab":1,"minecraft:coal_block":3,"minecraft:phantom_membrane":7,"minecraft:egg":1,"minecraft:golden_helmet":12,"minecraft:stick":20,"weaponmaster:weaponkit":1,"minecraft:torch":45,"magistuarmory:rustedbarbute":5,"minecraft:spruce_stairs":2,"minecraft:spruce_fence":1,"minecraft:porkchop":4,"magistuarmory:rustedkettlehat":7,"minecraft:stone_button":2,"minecraft:diorite":3,"magistuarmory:rustedcrusader_chestplate":7,"mutantmonsters:hulk_hammer":2,"weaponmaster:wm_broadswordlarge":4,"minecraft:stone_shovel":2,"minecraft:arrow":4623,"minecraft:rotten_flesh":100,"minecraft:diamond_chestplate":3,"minecraft:diamond_boots":3,"minecraft:warped_sign":1,"minecraft:gold_ingot":46,"minecraft:saddle":5,"minecraft:totem_of_undying":7,"minecraft:mutton":8,"minecraft:iron_bars":1,"minecraft:bone_block":114,"minecraft:white_wool":3,"minecraft:cobblestone":542,"minecraft:leather_chestplate":2,"magistuarmory:rustedhalfarmor_chestplate":18,"minecraft:feather":18,"magistuarmory:iron_target":1,"magistuarmory:rustedchainmail_boots":16,"travelersbackpack:melon":5,"minecraft:andesite":17,"minecraft:leather":21,"minecraft:golden_leggings":5,"minecraft:potato":8,"minecraft:tuff":7,"minecraft:warped_trapdoor":3,"minecraft:chainmail_chestplate":1,"minecraft:golden_boots":1,"minecraft:gunpowder":1,"minecraft:cobblestone_stairs":5,"minecraft:lapis_lazuli":127,"minecraft:dirt":23,"minecraft:lantern":10,"minecraft:white_banner":6,"minecraft:leather_boots":1,"minecraft:bone":4637,"minecraft:apple":7,"minecraft:stone_bricks":64,"travelersbackpack:cake":8,"minecraft:bow":300,"minecraft:wheat_seeds":11,"minecraft:cooked_chicken":8,"minecraft:iron_ingot":3,"travelersbackpack:bee":8,"weaponmaster:tutorialbook":6,"minecraft:diamond_helmet":3,"minecraft:glass_bottle":2,"minecraft:oak_planks":13,"minecraft:cooked_porkchop":109,"magistuarmory:rustedchainmail_chestplate":9,"magistuarmory:pantyhose":5,"magistuarmory:rustednorman_helmet":3,"minecraft:red_banner":1,"mutantmonsters:mutant_skeleton_leggings":1,"magistuarmory:rustedchainmail_leggings":42,"magistuarmory:rustedgreathelm":10,"minecraft:spider_eye":15,"minecraft:leather_helmet":3,"weaponmaster:taglockkit":1,"minecraft:dark_prismarine_slab":51,"magistuarmory:rustedchainmail_helmet":9,"minecraft:green_concrete":1,"minecraft:soul_lantern":1,"magistuarmory:rusted_bastardsword":18,"minecraft:cherry_sapling":1,"magistuarmory:rustedcrusader_boots":11,"magistuarmory:corruptedroundshield":30,"minecraft:diamond_axe":1,"minecraft:crossbow":1,"minecraft:bone_meal":313,"minecraft:emerald":84,"minecraft:chainmail_helmet":1,"minecraft:bread":14,"minecraft:baked_potato":326,"minecraft:oak_sapling":3,"minecraft:coal":13,"minecraft:hopper":1},"minecraft:used":{"magistuarmory:corruptedroundshield":3,"magistuarmory:rustedchainmail_boots":1,"minecraft:bone_block":150,"minecraft:shield":2,"minecraft:cooked_chicken":6,"minecraft:rotten_flesh":1,"minecraft:torch":7,"minecraft:mutton":1,"travelersbackpack:pig":2,"minecraft:tuff":4,"minecraft:lantern":6,"weaponmaster:wm_broadsword":32,"magistuarmory:crusader_boots":1,"minecraft:stone_bricks":2,"minecraft:stone_brick_stairs":1,"minecraft:warped_stairs":2,"minecraft:bow":85,"minecraft:beef":3,"mutantmonsters:hulk_hammer":12,"minecraft:furnace":1,"travelersbackpack:cake":5,"minecraft:egg":1,"minecraft:cooked_beef":1,"minecraft:potato":6,"travelersbackpack:redstone":2,"minecraft:stone_pickaxe":103,"minecraft:baked_potato":33,"minecraft:oak_planks":7,"minecraft:golden_apple":2,"minecraft:dark_prismarine_slab":1,"travelersbackpack:bee":1,"minecraft:crafting_table":1,"weaponmaster:wm_broadswordlarge":27,"magistuarmory:rustedchainmail_helmet":1,"minecraft:bread":11,"minecraft:string":1,"minecraft:warped_slab":1,"minecraft:diamond_sword":2,"minecraft:cobblestone":104,"minecraft:white_banner":1,"minecraft:cooked_porkchop":48,"minecraft:andesite_stairs":1,"minecraft:yellow_bed":1,"takesapillage:ravager_horn":1,"minecraft:golden_pickaxe":30},"minecraft:mined":{"minecraft:tuff":4,"minecraft:cobbled_deepslate_stairs":3,"minecraft:ladder":1,"minecraft:grass_block":3,"minecraft:soul_soil":1,"minecraft:fire":1,"minecraft:cobblestone_slab":1,"minecraft:iron_bars":1,"minecraft:lantern":9,"minecraft:bone_block":13,"minecraft:white_banner":1,"minecraft:stone":15,"minecraft:torch":3,"minecraft:tall_grass":7,"minecraft:cobblestone":47,"minecraft:oak_planks":7,"minecraft:wall_torch":1,"minecraft:pink_petals":4,"minecraft:grass":44,"minecraft:coal_ore":15,"minecraft:dirt":7,"minecraft:stone_bricks":10,"minecraft:deepslate":5},"minecraft:broken":{"minecraft:leather_helmet":1,"minecraft:diamond_helmet":1,"takesapillage:ravager_horn":1},"minecraft:killed":{"minecraft:witch":2,"minecraft:vindicator":4,"minecraft:spider":7,"weaponmaster:ability_skeleton_grenade_skeletons":23,"minecraft:phantom":1,"minecraft:skeleton":2624,"minecraft:chicken":6,"minecraft:pig":4,"minecraft:zombie_villager":1,"takesapillage:skirmisher":1,"minecraft:wandering_trader":1,"minecraft:ravager":1,"minecraft:creeper":4,"minecraft:sheep":5,"minecraft:trader_llama":2,"minecraft:pillager":5,"minecraft:zombie":37,"takesapillage:archer":1,"minecraft:cow":4}},"DataVersion":3463}