{"stats":{"minecraft:mined":{"minecraft:grass":29,"minecraft:oak_planks":1,"minecraft:white_banner":1},"minecraft:killed":{"minecraft:sheep":1,"minecraft:skeleton":565,"minecraft:zombie":3,"minecraft:pig":2,"minecraft:chicken":6,"minecraft:vindicator":1,"minecraft:spider":1,"minecraft:cow":4},"minecraft:dropped":{"minecraft:bow":2,"minecraft:bone":192},"minecraft:used":{"minecraft:oak_planks":1,"minecraft:bread":10,"minecraft:baked_potato":6,"weaponmaster:wm_broadsword":31,"minecraft:cobblestone":14,"minecraft:white_banner":1,"travelersbackpack:pig":1,"minecraft:egg":1,"minecraft:yellow_bed":1,"minecraft:potato":6},"minecraft:custom":{"minecraft:time_since_rest":44504,"minecraft:sprint_one_cm":107535,"minecraft:damage_taken":1010,"minecraft:walk_one_cm":93003,"minecraft:mob_kills":585,"minecraft:drop":5,"minecraft:fly_one_cm":213570,"minecraft:raid_win":1,"minecraft:open_chest":27,"minecraft:crouch_one_cm":1044,"minecraft:play_time":69107,"minecraft:deaths":2,"minecraft:bell_ring":6,"minecraft:sneak_time":801,"minecraft:jump":990,"minecraft:leave_game":4,"minecraft:time_since_death":44467,"minecraft:climb_one_cm":6076,"minecraft:total_world_time":69107,"minecraft:fall_one_cm":20797,"minecraft:horse_one_cm":167952},"minecraft:crafted":{"minecraft:bow":23},"minecraft:picked_up":{"minecraft:golden_helmet":3,"magistuarmory:rustedhalfarmor_chestplate":1,"minecraft:feather":18,"minecraft:chicken":12,"magistuarmory:iron_target":1,"weaponmaster:weaponkit":1,"minecraft:leather":6,"minecraft:potato":8,"minecraft:porkchop":4,"minecraft:diamond_horse_armor":2,"magistuarmory:pantyhose":1,"minecraft:spider_eye":10,"minecraft:string":18,"minecraft:white_banner":4,"mutantmonsters:mutant_skeleton_skull":2,"weaponmaster:wm_broadswordlarge":1,"travelersbackpack:pig":1,"minecraft:arrow":299,"minecraft:bone":445,"minecraft:rotten_flesh":8,"minecraft:bow":49,"minecraft:wheat_seeds":3,"travelersbackpack:bee":1,"minecraft:beef":18,"magistuarmory:crusader_boots":1,"minecraft:bread":14,"weaponmaster:tutorialbook":2,"minecraft:gold_ingot":5,"minecraft:saddle":1,"minecraft:emerald":10,"minecraft:baked_potato":31,"minecraft:mutton":2,"minecraft:oak_planks":1,"minecraft:egg":1,"minecraft:white_wool":2,"minecraft:cobblestone":85},"minecraft:killed_by":{"minecraft:player":2}},"DataVersion":3463}