{
  "__COMMENT1": "To apply this configuration to all newly generated worlds",
  "__COMMENT2": "please place this configuration file into your config directory",
  "__COMMENT3": "with the following name: cpm-server-default.json",
  "player_scaling": {
    "22156592-f4f3-3724-b682-4c412729c3d0": {},
    "0b11be39-2f56-3e20-9cd3-d64efeb1f977": {},
    "bdbc03a5-d4a2-3bc9-96ae-b9f08ee99fd0": {}
  },
  "skins": {
    "37e4296f-8e70-3eca-b93f-8e24310d5463": {}
  },
  "player_scaling_settings": {},
  "scaling_settings": {
    "motion": {},
    "mob_visibility": {},
    "defense": {},
    "attack_knockback": {},
    "flight_speed": {},
    "step_height": {},
    "knockback_resist": {},
    "reach": {},
    "health": {},
    "attack_speed": {},
    "attack_dmg": {}
  }
}